"student_id","student_skills","student_interests","career_goal","education","experience","location_preference","eligibility","opportunity_id","required_skills","opportunity_interests","career_field","opportunity_type","opportunity_location","experience_required","opportunity_eligibility","skill_match_percentage","number_of_matched_skills","number_of_missing_skills","interest_match","career_goal_match","eligibility_match","location_match","experience_match","label"
"86","Express;HTML;Vue.js;TensorFlow;Docker","Backend Development","Backend Development","B.Sc","2","Onsite","Restricted","1","HTML;CSS;JavaScript;React","Web Development","Web Development","Internship","Remote","0","Open","25","1","3","0","0","1","0","1","1"
"86","Express;HTML;Vue.js;TensorFlow;Docker","Backend Development","Backend Development","B.Sc","2","Onsite","Restricted","2","HTML;CSS;JavaScript;Vue.js","Web Development","Web Development","Full-time","Onsite","1","Open","50","2","2","0","0","1","1","1","2"
"86","Express;HTML;Vue.js;TensorFlow;Docker","Backend Development","Backend Development","B.Sc","2","Onsite","Restricted","3","SQL;Excel;Python","Data Analysis","Data Science","Internship","Remote","0","Open","0","0","3","0","0","1","0","1","0"
"86","Express;HTML;Vue.js;TensorFlow;Docker","Backend Development","Backend Development","B.Sc","2","Onsite","Restricted","4","Python;TensorFlow;Data Science","Machine Learning","AI","Full-time","Onsite","2","Open","33","1","2","0","0","1","1","1","1"
"86","Express;HTML;Vue.js;TensorFlow;Docker","Backend Development","Backend Development","B.Sc","2","Onsite","Restricted","5","Node.js;Express;JavaScript","Backend Development","Backend Development","Internship","Remote","0","Open","33","1","2","1","1","1","0","1","1"
"86","Express;HTML;Vue.js;TensorFlow;Docker","Backend Development","Backend Development","B.Sc","2","Onsite","Restricted","6","HTML;CSS;JavaScript;React;Node.js","Web Development","Web Development","Full-time","Remote","1","Open","20","1","4","0","0","1","0","1","1"
"86","Express;HTML;Vue.js;TensorFlow;Docker","Backend Development","Backend Development","B.Sc","2","Onsite","Restricted","7","Java;Android;Git","Mobile Apps","Mobile Development","Internship","Remote","0","Open","0","0","3","0","0","1","0","1","0"
"86","Express;HTML;Vue.js;TensorFlow;Docker","Backend Development","Backend Development","B.Sc","2","Onsite","Restricted","8","Figma;User Research","Design","Design","Full-time","Onsite","1","Open","0","0","2","0","0","1","1","1","0"
"86","Express;HTML;Vue.js;TensorFlow;Docker","Backend Development","Backend Development","B.Sc","2","Onsite","Restricted","9","Docker;Kubernetes;CI/CD","Infrastructure","DevOps","Full-time","Remote","2","Open","33","1","2","0","0","1","0","1","1"
"86","Express;HTML;Vue.js;TensorFlow;Docker","Backend Development","Backend Development","B.Sc","2","Onsite","Restricted","10","Communication;Agile","Product","Product Management","Internship","Onsite","0","Open","0","0","2","0","0","1","1","1","0"
"13","Figma;User Research;Python;JavaScript","Design","Design","B.Sc","1","Onsite","Open","1","HTML;CSS;JavaScript;React","Web Development","Web Development","Internship","Remote","0","Open","25","1","3","0","0","1","0","1","1"
"13","Figma;User Research;Python;JavaScript","Design","Design","B.Sc","1","Onsite","Open","2","HTML;CSS;JavaScript;Vue.js","Web Development","Web Development","Full-time","Onsite","1","Open","25","1","3","0","0","1","1","1","1"
"13","Figma;User Research;Python;JavaScript","Design","Design","B.Sc","1","Onsite","Open","3","SQL;Excel;Python","Data Analysis","Data Science","Internship","Remote","0","Open","33","1","2","0","0","1","0","1","1"
"13","Figma;User Research;Python;JavaScript","Design","Design","B.Sc","1","Onsite","Open","4","Python;TensorFlow;Data Science","Machine Learning","AI","Full-time","Onsite","2","Open","33","1","2","0","0","1","1","0","1"
"13","Figma;User Research;Python;JavaScript","Design","Design","B.Sc","1","Onsite","Open","5","Node.js;Express;JavaScript","Backend Development","Backend Development","Internship","Remote","0","Open","33","1","2","0","0","1","0","1","1"
"13","Figma;User Research;Python;JavaScript","Design","Design","B.Sc","1","Onsite","Open","6","HTML;CSS;JavaScript;React;Node.js","Web Development","Web Development","Full-time","Remote","1","Open","20","1","4","0","0","1","0","1","1"
"13","Figma;User Research;Python;JavaScript","Design","Design","B.Sc","1","Onsite","Open","7","Java;Android;Git","Mobile Apps","Mobile Development","Internship","Remote","0","Open","0","0","3","0","0","1","0","1","0"
"13","Figma;User Research;Python;JavaScript","Design","Design","B.Sc","1","Onsite","Open","8","Figma;User Research","Design","Design","Full-time","Onsite","1","Open","100","2","0","1","1","1","1","1","4"
"13","Figma;User Research;Python;JavaScript","Design","Design","B.Sc","1","Onsite","Open","9","Docker;Kubernetes;CI/CD","Infrastructure","DevOps","Full-time","Remote","2","Open","0","0","3","0","0","1","0","0","0"
"13","Figma;User Research;Python;JavaScript","Design","Design","B.Sc","1","Onsite","Open","10","Communication;Agile","Product","Product Management","Internship","Onsite","0","Open","0","0","2","0","0","1","1","1","0"
"118","SQL;Excel","Data Analysis","Data Science","B.Tech","3","Remote","Open","1","HTML;CSS;JavaScript;React","Web Development","Web Development","Internship","Remote","0","Open","0","0","4","0","0","1","1","1","0"
"118","SQL;Excel","Data Analysis","Data Science","B.Tech","3","Remote","Open","2","HTML;CSS;JavaScript;Vue.js","Web Development","Web Development","Full-time","Onsite","1","Open","0","0","4","0","0","1","0","1","0"
"118","SQL;Excel","Data Analysis","Data Science","B.Tech","3","Remote","Open","3","SQL;Excel;Python","Data Analysis","Data Science","Internship","Remote","0","Open","67","2","1","1","1","1","1","1","3"
"118","SQL;Excel","Data Analysis","Data Science","B.Tech","3","Remote","Open","4","Python;TensorFlow;Data Science","Machine Learning","AI","Full-time","Onsite","2","Open","0","0","3","0","0","1","0","1","0"
"118","SQL;Excel","Data Analysis","Data Science","B.Tech","3","Remote","Open","5","Node.js;Express;JavaScript","Backend Development","Backend Development","Internship","Remote","0","Open","0","0","3","0","0","1","1","1","0"
"118","SQL;Excel","Data Analysis","Data Science","B.Tech","3","Remote","Open","6","HTML;CSS;JavaScript;React;Node.js","Web Development","Web Development","Full-time","Remote","1","Open","0","0","5","0","0","1","1","1","0"
"118","SQL;Excel","Data Analysis","Data Science","B.Tech","3","Remote","Open","7","Java;Android;Git","Mobile Apps","Mobile Development","Internship","Remote","0","Open","0","0","3","0","0","1","1","1","0"
"118","SQL;Excel","Data Analysis","Data Science","B.Tech","3","Remote","Open","8","Figma;User Research","Design","Design","Full-time","Onsite","1","Open","0","0","2","0","0","1","0","1","0"
"118","SQL;Excel","Data Analysis","Data Science","B.Tech","3","Remote","Open","9","Docker;Kubernetes;CI/CD","Infrastructure","DevOps","Full-time","Remote","2","Open","0","0","3","0","0","1","1","1","0"
"118","SQL;Excel","Data Analysis","Data Science","B.Tech","3","Remote","Open","10","Communication;Agile","Product","Product Management","Internship","Onsite","0","Open","0","0","2","0","0","1","0","1","0"
"23","Node.js;Express;CI/CD;Agile","Backend Development","Backend Development","BS Computer Science","0","Remote","Open","1","HTML;CSS;JavaScript;React","Web Development","Web Development","Internship","Remote","0","Open","0","0","4","0","0","1","1","1","0"
"23","Node.js;Express;CI/CD;Agile","Backend Development","Backend Development","BS Computer Science","0","Remote","Open","2","HTML;CSS;JavaScript;Vue.js","Web Development","Web Development","Full-time","Onsite","1","Open","0","0","4","0","0","1","0","0","0"
"23","Node.js;Express;CI/CD;Agile","Backend Development","Backend Development","BS Computer Science","0","Remote","Open","3","SQL;Excel;Python","Data Analysis","Data Science","Internship","Remote","0","Open","0","0","3","0","0","1","1","1","0"
"23","Node.js;Express;CI/CD;Agile","Backend Development","Backend Development","BS Computer Science","0","Remote","Open","4","Python;TensorFlow;Data Science","Machine Learning","AI","Full-time","Onsite","2","Open","0","0","3","0","0","1","0","0","0"
"23","Node.js;Express;CI/CD;Agile","Backend Development","Backend Development","BS Computer Science","0","Remote","Open","5","Node.js;Express;JavaScript","Backend Development","Backend Development","Internship","Remote","0","Open","67","2","1","1","1","1","1","1","3"
"23","Node.js;Express;CI/CD;Agile","Backend Development","Backend Development","BS Computer Science","0","Remote","Open","6","HTML;CSS;JavaScript;React;Node.js","Web Development","Web Development","Full-time","Remote","1","Open","20","1","4","0","0","1","1","0","1"
"23","Node.js;Express;CI/CD;Agile","Backend Development","Backend Development","BS Computer Science","0","Remote","Open","7","Java;Android;Git","Mobile Apps","Mobile Development","Internship","Remote","0","Open","0","0","3","0","0","1","1","1","0"
"23","Node.js;Express;CI/CD;Agile","Backend Development","Backend Development","BS Computer Science","0","Remote","Open","8","Figma;User Research","Design","Design","Full-time","Onsite","1","Open","0","0","2","0","0","1","0","0","0"
"23","Node.js;Express;CI/CD;Agile","Backend Development","Backend Development","BS Computer Science","0","Remote","Open","9","Docker;Kubernetes;CI/CD","Infrastructure","DevOps","Full-time","Remote","2","Open","33","1","2","0","0","1","1","0","1"
"23","Node.js;Express;CI/CD;Agile","Backend Development","Backend Development","BS Computer Science","0","Remote","Open","10","Communication;Agile","Product","Product Management","Internship","Onsite","0","Open","50","1","1","0","0","1","0","1","2"
"37","SQL;Excel;Python;CI/CD","Data Analysis","Data Science","BS Computer Science","4","Remote","Open","1","HTML;CSS;JavaScript;React","Web Development","Web Development","Internship","Remote","0","Open","0","0","4","0","0","1","1","1","0"
"37","SQL;Excel;Python;CI/CD","Data Analysis","Data Science","BS Computer Science","4","Remote","Open","2","HTML;CSS;JavaScript;Vue.js","Web Development","Web Development","Full-time","Onsite","1","Open","0","0","4","0","0","1","0","1","0"
"37","SQL;Excel;Python;CI/CD","Data Analysis","Data Science","BS Computer Science","4","Remote","Open","3","SQL;Excel;Python","Data Analysis","Data Science","Internship","Remote","0","Open","100","3","0","1","1","1","1","1","4"
"37","SQL;Excel;Python;CI/CD","Data Analysis","Data Science","BS Computer Science","4","Remote","Open","4","Python;TensorFlow;Data Science","Machine Learning","AI","Full-time","Onsite","2","Open","33","1","2","0","0","1","0","1","1"
"37","SQL;Excel;Python;CI/CD","Data Analysis","Data Science","BS Computer Science","4","Remote","Open","5","Node.js;Express;JavaScript","Backend Development","Backend Development","Internship","Remote","0","Open","0","0","3","0","0","1","1","1","0"
"37","SQL;Excel;Python;CI/CD","Data Analysis","Data Science","BS Computer Science","4","Remote","Open","6","HTML;CSS;JavaScript;React;Node.js","Web Development","Web Development","Full-time","Remote","1","Open","0","0","5","0","0","1","1","1","0"
"37","SQL;Excel;Python;CI/CD","Data Analysis","Data Science","BS Computer Science","4","Remote","Open","7","Java;Android;Git","Mobile Apps","Mobile Development","Internship","Remote","0","Open","0","0","3","0","0","1","1","1","0"
"37","SQL;Excel;Python;CI/CD","Data Analysis","Data Science","BS Computer Science","4","Remote","Open","8","Figma;User Research","Design","Design","Full-time","Onsite","1","Open","0","0","2","0","0","1","0","1","0"
"37","SQL;Excel;Python;CI/CD","Data Analysis","Data Science","BS Computer Science","4","Remote","Open","9","Docker;Kubernetes;CI/CD","Infrastructure","DevOps","Full-time","Remote","2","Open","33","1","2","0","0","1","1","1","1"
"37","SQL;Excel;Python;CI/CD","Data Analysis","Data Science","BS Computer Science","4","Remote","Open","10","Communication;Agile","Product","Product Management","Internship","Onsite","0","Open","0","0","2","0","0","1","0","1","0"
"71","Python;TensorFlow;Data Science;Kubernetes;HTML;SQL;Express","Machine Learning","AI","M.Sc","3","Remote","Restricted","1","HTML;CSS;JavaScript;React","Web Development","Web Development","Internship","Remote","0","Open","25","1","3","0","0","1","1","1","1"
"71","Python;TensorFlow;Data Science;Kubernetes;HTML;SQL;Express","Machine Learning","AI","M.Sc","3","Remote","Restricted","2","HTML;CSS;JavaScript;Vue.js","Web Development","Web Development","Full-time","Onsite","1","Open","25","1","3","0","0","1","0","1","1"
"71","Python;TensorFlow;Data Science;Kubernetes;HTML;SQL;Express","Machine Learning","AI","M.Sc","3","Remote","Restricted","3","SQL;Excel;Python","Data Analysis","Data Science","Internship","Remote","0","Open","67","2","1","0","0","1","1","1","2"
"71","Python;TensorFlow;Data Science;Kubernetes;HTML;SQL;Express","Machine Learning","AI","M.Sc","3","Remote","Restricted","4","Python;TensorFlow;Data Science","Machine Learning","AI","Full-time","Onsite","2","Open","100","3","0","1","1","1","0","1","4"
"71","Python;TensorFlow;Data Science;Kubernetes;HTML;SQL;Express","Machine Learning","AI","M.Sc","3","Remote","Restricted","5","Node.js;Express;JavaScript","Backend Development","Backend Development","Internship","Remote","0","Open","33","1","2","0","0","1","1","1","1"
"71","Python;TensorFlow;Data Science;Kubernetes;HTML;SQL;Express","Machine Learning","AI","M.Sc","3","Remote","Restricted","6","HTML;CSS;JavaScript;React;Node.js","Web Development","Web Development","Full-time","Remote","1","Open","20","1","4","0","0","1","1","1","1"
"71","Python;TensorFlow;Data Science;Kubernetes;HTML;SQL;Express","Machine Learning","AI","M.Sc","3","Remote","Restricted","7","Java;Android;Git","Mobile Apps","Mobile Development","Internship","Remote","0","Open","0","0","3","0","0","1","1","1","0"
"71","Python;TensorFlow;Data Science;Kubernetes;HTML;SQL;Express","Machine Learning","AI","M.Sc","3","Remote","Restricted","8","Figma;User Research","Design","Design","Full-time","Onsite","1","Open","0","0","2","0","0","1","0","1","0"
"71","Python;TensorFlow;Data Science;Kubernetes;HTML;SQL;Express","Machine Learning","AI","M.Sc","3","Remote","Restricted","9","Docker;Kubernetes;CI/CD","Infrastructure","DevOps","Full-time","Remote","2","Open","33","1","2","0","0","1","1","1","1"
"71","Python;TensorFlow;Data Science;Kubernetes;HTML;SQL;Express","Machine Learning","AI","M.Sc","3","Remote","Restricted","10","Communication;Agile","Product","Product Management","Internship","Onsite","0","Open","0","0","2","0","0","1","0","1","0"
"43","TensorFlow;Data Science;Java;Excel;Git;Android","Machine Learning","AI","B.Tech","0","Onsite","Restricted","1","HTML;CSS;JavaScript;React","Web Development","Web Development","Internship","Remote","0","Open","0","0","4","0","0","1","0","1","0"
"43","TensorFlow;Data Science;Java;Excel;Git;Android","Machine Learning","AI","B.Tech","0","Onsite","Restricted","2","HTML;CSS;JavaScript;Vue.js","Web Development","Web Development","Full-time","Onsite","1","Open","0","0","4","0","0","1","1","0","0"
"43","TensorFlow;Data Science;Java;Excel;Git;Android","Machine Learning","AI","B.Tech","0","Onsite","Restricted","3","SQL;Excel;Python","Data Analysis","Data Science","Internship","Remote","0","Open","33","1","2","0","0","1","0","1","1"
"43","TensorFlow;Data Science;Java;Excel;Git;Android","Machine Learning","AI","B.Tech","0","Onsite","Restricted","4","Python;TensorFlow;Data Science","Machine Learning","AI","Full-time","Onsite","2","Open","67","2","1","1","1","1","1","0","3"
"43","TensorFlow;Data Science;Java;Excel;Git;Android","Machine Learning","AI","B.Tech","0","Onsite","Restricted","5","Node.js;Express;JavaScript","Backend Development","Backend Development","Internship","Remote","0","Open","0","0","3","0","0","1","0","1","0"
"43","TensorFlow;Data Science;Java;Excel;Git;Android","Machine Learning","AI","B.Tech","0","Onsite","Restricted","6","HTML;CSS;JavaScript;React;Node.js","Web Development","Web Development","Full-time","Remote","1","Open","0","0","5","0","0","1","0","0","0"
"43","TensorFlow;Data Science;Java;Excel;Git;Android","Machine Learning","AI","B.Tech","0","Onsite","Restricted","7","Java;Android;Git","Mobile Apps","Mobile Development","Internship","Remote","0","Open","100","3","0","0","0","1","0","1","2"
"43","TensorFlow;Data Science;Java;Excel;Git;Android","Machine Learning","AI","B.Tech","0","Onsite","Restricted","8","Figma;User Research","Design","Design","Full-time","Onsite","1","Open","0","0","2","0","0","1","1","0","0"
"43","TensorFlow;Data Science;Java;Excel;Git;Android","Machine Learning","AI","B.Tech","0","Onsite","Restricted","9","Docker;Kubernetes;CI/CD","Infrastructure","DevOps","Full-time","Remote","2","Open","0","0","3","0","0","1","0","0","0"
"43","TensorFlow;Data Science;Java;Excel;Git;Android","Machine Learning","AI","B.Tech","0","Onsite","Restricted","10","Communication;Agile","Product","Product Management","Internship","Onsite","0","Open","0","0","2","0","0","1","1","1","0"
"101","Java;Android;Git;SQL;JavaScript","Mobile Apps","Mobile Development","M.Sc","1","Onsite","Restricted","1","HTML;CSS;JavaScript;React","Web Development","Web Development","Internship","Remote","0","Open","25","1","3","0","0","1","0","1","1"
"101","Java;Android;Git;SQL;JavaScript","Mobile Apps","Mobile Development","M.Sc","1","Onsite","Restricted","2","HTML;CSS;JavaScript;Vue.js","Web Development","Web Development","Full-time","Onsite","1","Open","25","1","3","0","0","1","1","1","1"
"101","Java;Android;Git;SQL;JavaScript","Mobile Apps","Mobile Development","M.Sc","1","Onsite","Restricted","3","SQL;Excel;Python","Data Analysis","Data Science","Internship","Remote","0","Open","33","1","2","0","0","1","0","1","1"
"101","Java;Android;Git;SQL;JavaScript","Mobile Apps","Mobile Development","M.Sc","1","Onsite","Restricted","4","Python;TensorFlow;Data Science","Machine Learning","AI","Full-time","Onsite","2","Open","0","0","3","0","0","1","1","0","0"
"101","Java;Android;Git;SQL;JavaScript","Mobile Apps","Mobile Development","M.Sc","1","Onsite","Restricted","5","Node.js;Express;JavaScript","Backend Development","Backend Development","Internship","Remote","0","Open","33","1","2","0","0","1","0","1","1"
"101","Java;Android;Git;SQL;JavaScript","Mobile Apps","Mobile Development","M.Sc","1","Onsite","Restricted","6","HTML;CSS;JavaScript;React;Node.js","Web Development","Web Development","Full-time","Remote","1","Open","20","1","4","0","0","1","0","1","1"
"101","Java;Android;Git;SQL;JavaScript","Mobile Apps","Mobile Development","M.Sc","1","Onsite","Restricted","7","Java;Android;Git","Mobile Apps","Mobile Development","Internship","Remote","0","Open","100","3","0","1","1","1","0","1","4"
"101","Java;Android;Git;SQL;JavaScript","Mobile Apps","Mobile Development","M.Sc","1","Onsite","Restricted","8","Figma;User Research","Design","Design","Full-time","Onsite","1","Open","0","0","2","0","0","1","1","1","0"
"101","Java;Android;Git;SQL;JavaScript","Mobile Apps","Mobile Development","M.Sc","1","Onsite","Restricted","9","Docker;Kubernetes;CI/CD","Infrastructure","DevOps","Full-time","Remote","2","Open","0","0","3","0","0","1","0","0","0"
"101","Java;Android;Git;SQL;JavaScript","Mobile Apps","Mobile Development","M.Sc","1","Onsite","Restricted","10","Communication;Agile","Product","Product Management","Internship","Onsite","0","Open","0","0","2","0","0","1","1","1","0"
"50","SQL;Excel;Python;Android","Data Analysis","Data Science","BS Computer Science","3","Onsite","Open","1","HTML;CSS;JavaScript;React","Web Development","Web Development","Internship","Remote","0","Open","0","0","4","0","0","1","0","1","0"
"50","SQL;Excel;Python;Android","Data Analysis","Data Science","BS Computer Science","3","Onsite","Open","2","HTML;CSS;JavaScript;Vue.js","Web Development","Web Development","Full-time","Onsite","1","Open","0","0","4","0","0","1","1","1","0"
"50","SQL;Excel;Python;Android","Data Analysis","Data Science","BS Computer Science","3","Onsite","Open","3","SQL;Excel;Python","Data Analysis","Data Science","Internship","Remote","0","Open","100","3","0","1","1","1","0","1","4"
"50","SQL;Excel;Python;Android","Data Analysis","Data Science","BS Computer Science","3","Onsite","Open","4","Python;TensorFlow;Data Science","Machine Learning","AI","Full-time","Onsite","2","Open","33","1","2","0","0","1","1","1","1"
"50","SQL;Excel;Python;Android","Data Analysis","Data Science","BS Computer Science","3","Onsite","Open","5","Node.js;Express;JavaScript","Backend Development","Backend Development","Internship","Remote","0","Open","0","0","3","0","0","1","0","1","0"
"50","SQL;Excel;Python;Android","Data Analysis","Data Science","BS Computer Science","3","Onsite","Open","6","HTML;CSS;JavaScript;React;Node.js","Web Development","Web Development","Full-time","Remote","1","Open","0","0","5","0","0","1","0","1","0"
"50","SQL;Excel;Python;Android","Data Analysis","Data Science","BS Computer Science","3","Onsite","Open","7","Java;Android;Git","Mobile Apps","Mobile Development","Internship","Remote","0","Open","33","1","2","0","0","1","0","1","1"
"50","SQL;Excel;Python;Android","Data Analysis","Data Science","BS Computer Science","3","Onsite","Open","8","Figma;User Research","Design","Design","Full-time","Onsite","1","Open","0","0","2","0","0","1","1","1","0"
"50","SQL;Excel;Python;Android","Data Analysis","Data Science","BS Computer Science","3","Onsite","Open","9","Docker;Kubernetes;CI/CD","Infrastructure","DevOps","Full-time","Remote","2","Open","0","0","3","0","0","1","0","1","0"
"50","SQL;Excel;Python;Android","Data Analysis","Data Science","BS Computer Science","3","Onsite","Open","10","Communication;Agile","Product","Product Management","Internship","Onsite","0","Open","0","0","2","0","0","1","1","1","0"
"56","Agile;Python;Express;React","Infrastructure","Product Management","BS Computer Science","2","Onsite","Open","1","HTML;CSS;JavaScript;React","Web Development","Web Development","Internship","Remote","0","Open","25","1","3","0","0","1","0","1","1"
"56","Agile;Python;Express;React","Infrastructure","Product Management","BS Computer Science","2","Onsite","Open","2","HTML;CSS;JavaScript;Vue.js","Web Development","Web Development","Full-time","Onsite","1","Open","0","0","4","0","0","1","1","1","0"
"56","Agile;Python;Express;React","Infrastructure","Product Management","BS Computer Science","2","Onsite","Open","3","SQL;Excel;Python","Data Analysis","Data Science","Internship","Remote","0","Open","33","1","2","0","0","1","0","1","1"
"56","Agile;Python;Express;React","Infrastructure","Product Management","BS Computer Science","2","Onsite","Open","4","Python;TensorFlow;Data Science","Machine Learning","AI","Full-time","Onsite","2","Open","33","1","2","0","0","1","1","1","1"
"56","Agile;Python;Express;React","Infrastructure","Product Management","BS Computer Science","2","Onsite","Open","5","Node.js;Express;JavaScript","Backend Development","Backend Development","Internship","Remote","0","Open","33","1","2","0","0","1","0","1","1"
"56","Agile;Python;Express;React","Infrastructure","Product Management","BS Computer Science","2","Onsite","Open","6","HTML;CSS;JavaScript;React;Node.js","Web Development","Web Development","Full-time","Remote","1","Open","20","1","4","0","0","1","0","1","1"
"56","Agile;Python;Express;React","Infrastructure","Product Management","BS Computer Science","2","Onsite","Open","7","Java;Android;Git","Mobile Apps","Mobile Development","Internship","Remote","0","Open","0","0","3","0","0","1","0","1","0"
"56","Agile;Python;Express;React","Infrastructure","Product Management","BS Computer Science","2","Onsite","Open","8","Figma;User Research","Design","Design","Full-time","Onsite","1","Open","0","0","2","0","0","1","1","1","0"
"56","Agile;Python;Express;React","Infrastructure","Product Management","BS Computer Science","2","Onsite","Open","9","Docker;Kubernetes;CI/CD","Infrastructure","DevOps","Full-time","Remote","2","Open","0","0","3","1","0","1","0","1","0"
"56","Agile;Python;Express;React","Infrastructure","Product Management","BS Computer Science","2","Onsite","Open","10","Communication;Agile","Product","Product Management","Internship","Onsite","0","Open","50","1","1","0","1","1","1","1","2"
"87","SQL;Excel;Python;Communication","Design","Data Science","B.Tech","1","Remote","Restricted","1","HTML;CSS;JavaScript;React","Web Development","Web Development","Internship","Remote","0","Open","0","0","4","0","0","1","1","1","0"
"87","SQL;Excel;Python;Communication","Design","Data Science","B.Tech","1","Remote","Restricted","2","HTML;CSS;JavaScript;Vue.js","Web Development","Web Development","Full-time","Onsite","1","Open","0","0","4","0","0","1","0","1","0"
"87","SQL;Excel;Python;Communication","Design","Data Science","B.Tech","1","Remote","Restricted","3","SQL;Excel;Python","Data Analysis","Data Science","Internship","Remote","0","Open","100","3","0","0","1","1","1","1","3"
"87","SQL;Excel;Python;Communication","Design","Data Science","B.Tech","1","Remote","Restricted","4","Python;TensorFlow;Data Science","Machine Learning","AI","Full-time","Onsite","2","Open","33","1","2","0","0","1","0","0","1"
"87","SQL;Excel;Python;Communication","Design","Data Science","B.Tech","1","Remote","Restricted","5","Node.js;Express;JavaScript","Backend Development","Backend Development","Internship","Remote","0","Open","0","0","3","0","0","1","1","1","0"
"87","SQL;Excel;Python;Communication","Design","Data Science","B.Tech","1","Remote","Restricted","6","HTML;CSS;JavaScript;React;Node.js","Web Development","Web Development","Full-time","Remote","1","Open","0","0","5","0","0","1","1","1","0"
"87","SQL;Excel;Python;Communication","Design","Data Science","B.Tech","1","Remote","Restricted","7","Java;Android;Git","Mobile Apps","Mobile Development","Internship","Remote","0","Open","0","0","3","0","0","1","1","1","0"
"87","SQL;Excel;Python;Communication","Design","Data Science","B.Tech","1","Remote","Restricted","8","Figma;User Research","Design","Design","Full-time","Onsite","1","Open","0","0","2","1","0","1","0","1","0"
"87","SQL;Excel;Python;Communication","Design","Data Science","B.Tech","1","Remote","Restricted","9","Docker;Kubernetes;CI/CD","Infrastructure","DevOps","Full-time","Remote","2","Open","0","0","3","0","0","1","1","0","0"
"87","SQL;Excel;Python;Communication","Design","Data Science","B.Tech","1","Remote","Restricted","10","Communication;Agile","Product","Product Management","Internship","Onsite","0","Open","50","1","1","0","0","1","0","1","2"
"76","Python;TensorFlow;Data Science;Android","Machine Learning","AI","M.Sc","4","Remote","Open","1","HTML;CSS;JavaScript;React","Web Development","Web Development","Internship","Remote","0","Open","0","0","4","0","0","1","1","1","0"
"76","Python;TensorFlow;Data Science;Android","Machine Learning","AI","M.Sc","4","Remote","Open","2","HTML;CSS;JavaScript;Vue.js","Web Development","Web Development","Full-time","Onsite","1","Open","0","0","4","0","0","1","0","1","0"
"76","Python;TensorFlow;Data Science;Android","Machine Learning","AI","M.Sc","4","Remote","Open","3","SQL;Excel;Python","Data Analysis","Data Science","Internship","Remote","0","Open","33","1","2","0","0","1","1","1","1"
"76","Python;TensorFlow;Data Science;Android","Machine Learning","AI","M.Sc","4","Remote","Open","4","Python;TensorFlow;Data Science","Machine Learning","AI","Full-time","Onsite","2","Open","100","3","0","1","1","1","0","1","4"
"76","Python;TensorFlow;Data Science;Android","Machine Learning","AI","M.Sc","4","Remote","Open","5","Node.js;Express;JavaScript","Backend Development","Backend Development","Internship","Remote","0","Open","0","0","3","0","0","1","1","1","0"
"76","Python;TensorFlow;Data Science;Android","Machine Learning","AI","M.Sc","4","Remote","Open","6","HTML;CSS;JavaScript;React;Node.js","Web Development","Web Development","Full-time","Remote","1","Open","0","0","5","0","0","1","1","1","0"
"76","Python;TensorFlow;Data Science;Android","Machine Learning","AI","M.Sc","4","Remote","Open","7","Java;Android;Git","Mobile Apps","Mobile Development","Internship","Remote","0","Open","33","1","2","0","0","1","1","1","1"
"76","Python;TensorFlow;Data Science;Android","Machine Learning","AI","M.Sc","4","Remote","Open","8","Figma;User Research","Design","Design","Full-time","Onsite","1","Open","0","0","2","0","0","1","0","1","0"
"76","Python;TensorFlow;Data Science;Android","Machine Learning","AI","M.Sc","4","Remote","Open","9","Docker;Kubernetes;CI/CD","Infrastructure","DevOps","Full-time","Remote","2","Open","0","0","3","0","0","1","1","1","0"
"76","Python;TensorFlow;Data Science;Android","Machine Learning","AI","M.Sc","4","Remote","Open","10","Communication;Agile","Product","Product Management","Internship","Onsite","0","Open","0","0","2","0","0","1","0","1","0"
"119","Java;Android;Git;HTML","Mobile Apps","Mobile Development","BS Computer Science","1","Onsite","Restricted","1","HTML;CSS;JavaScript;React","Web Development","Web Development","Internship","Remote","0","Open","25","1","3","0","0","1","0","1","1"
"119","Java;Android;Git;HTML","Mobile Apps","Mobile Development","BS Computer Science","1","Onsite","Restricted","2","HTML;CSS;JavaScript;Vue.js","Web Development","Web Development","Full-time","Onsite","1","Open","25","1","3","0","0","1","1","1","1"
"119","Java;Android;Git;HTML","Mobile Apps","Mobile Development","BS Computer Science","1","Onsite","Restricted","3","SQL;Excel;Python","Data Analysis","Data Science","Internship","Remote","0","Open","0","0","3","0","0","1","0","1","0"
"119","Java;Android;Git;HTML","Mobile Apps","Mobile Development","BS Computer Science","1","Onsite","Restricted","4","Python;TensorFlow;Data Science","Machine Learning","AI","Full-time","Onsite","2","Open","0","0","3","0","0","1","1","0","0"
"119","Java;Android;Git;HTML","Mobile Apps","Mobile Development","BS Computer Science","1","Onsite","Restricted","5","Node.js;Express;JavaScript","Backend Development","Backend Development","Internship","Remote","0","Open","0","0","3","0","0","1","0","1","0"
"119","Java;Android;Git;HTML","Mobile Apps","Mobile Development","BS Computer Science","1","Onsite","Restricted","6","HTML;CSS;JavaScript;React;Node.js","Web Development","Web Development","Full-time","Remote","1","Open","20","1","4","0","0","1","0","1","1"
"119","Java;Android;Git;HTML","Mobile Apps","Mobile Development","BS Computer Science","1","Onsite","Restricted","7","Java;Android;Git","Mobile Apps","Mobile Development","Internship","Remote","0","Open","100","3","0","1","1","1","0","1","4"
"119","Java;Android;Git;HTML","Mobile Apps","Mobile Development","BS Computer Science","1","Onsite","Restricted","8","Figma;User Research","Design","Design","Full-time","Onsite","1","Open","0","0","2","0","0","1","1","1","0"
"119","Java;Android;Git;HTML","Mobile Apps","Mobile Development","BS Computer Science","1","Onsite","Restricted","9","Docker;Kubernetes;CI/CD","Infrastructure","DevOps","Full-time","Remote","2","Open","0","0","3","0","0","1","0","0","0"
"119","Java;Android;Git;HTML","Mobile Apps","Mobile Development","BS Computer Science","1","Onsite","Restricted","10","Communication;Agile","Product","Product Management","Internship","Onsite","0","Open","0","0","2","0","0","1","1","1","0"
"131","Express;JavaScript;Docker;HTML;Vue.js","Backend Development","Backend Development","M.Sc","1","Onsite","Restricted","1","HTML;CSS;JavaScript;React","Web Development","Web Development","Internship","Remote","0","Open","50","2","2","0","0","1","0","1","2"
"131","Express;JavaScript;Docker;HTML;Vue.js","Backend Development","Backend Development","M.Sc","1","Onsite","Restricted","2","HTML;CSS;JavaScript;Vue.js","Web Development","Web Development","Full-time","Onsite","1","Open","75","3","1","0","0","1","1","1","2"
"131","Express;JavaScript;Docker;HTML;Vue.js","Backend Development","Backend Development","M.Sc","1","Onsite","Restricted","3","SQL;Excel;Python","Data Analysis","Data Science","Internship","Remote","0","Open","0","0","3","0","0","1","0","1","0"
"131","Express;JavaScript;Docker;HTML;Vue.js","Backend Development","Backend Development","M.Sc","1","Onsite","Restricted","4","Python;TensorFlow;Data Science","Machine Learning","AI","Full-time","Onsite","2","Open","0","0","3","0","0","1","1","0","0"
"131","Express;JavaScript;Docker;HTML;Vue.js","Backend Development","Backend Development","M.Sc","1","Onsite","Restricted","5","Node.js;Express;JavaScript","Backend Development","Backend Development","Internship","Remote","0","Open","67","2","1","1","1","1","0","1","3"
"131","Express;JavaScript;Docker;HTML;Vue.js","Backend Development","Backend Development","M.Sc","1","Onsite","Restricted","6","HTML;CSS;JavaScript;React;Node.js","Web Development","Web Development","Full-time","Remote","1","Open","40","2","3","0","0","1","0","1","2"
"131","Express;JavaScript;Docker;HTML;Vue.js","Backend Development","Backend Development","M.Sc","1","Onsite","Restricted","7","Java;Android;Git","Mobile Apps","Mobile Development","Internship","Remote","0","Open","0","0","3","0","0","1","0","1","0"
"131","Express;JavaScript;Docker;HTML;Vue.js","Backend Development","Backend Development","M.Sc","1","Onsite","Restricted","8","Figma;User Research","Design","Design","Full-time","Onsite","1","Open","0","0","2","0","0","1","1","1","0"
"131","Express;JavaScript;Docker;HTML;Vue.js","Backend Development","Backend Development","M.Sc","1","Onsite","Restricted","9","Docker;Kubernetes;CI/CD","Infrastructure","DevOps","Full-time","Remote","2","Open","33","1","2","0","0","1","0","0","1"
"131","Express;JavaScript;Docker;HTML;Vue.js","Backend Development","Backend Development","M.Sc","1","Onsite","Restricted","10","Communication;Agile","Product","Product Management","Internship","Onsite","0","Open","0","0","2","0","0","1","1","1","0"
"83","Communication;CSS;HTML","Machine Learning","Product Management","M.Sc","3","Onsite","Open","1","HTML;CSS;JavaScript;React","Web Development","Web Development","Internship","Remote","0","Open","50","2","2","0","0","1","0","1","2"
"83","Communication;CSS;HTML","Machine Learning","Product Management","M.Sc","3","Onsite","Open","2","HTML;CSS;JavaScript;Vue.js","Web Development","Web Development","Full-time","Onsite","1","Open","50","2","2","0","0","1","1","1","2"
"83","Communication;CSS;HTML","Machine Learning","Product Management","M.Sc","3","Onsite","Open","3","SQL;Excel;Python","Data Analysis","Data Science","Internship","Remote","0","Open","0","0","3","0","0","1","0","1","0"
"83","Communication;CSS;HTML","Machine Learning","Product Management","M.Sc","3","Onsite","Open","4","Python;TensorFlow;Data Science","Machine Learning","AI","Full-time","Onsite","2","Open","0","0","3","1","0","1","1","1","0"
"83","Communication;CSS;HTML","Machine Learning","Product Management","M.Sc","3","Onsite","Open","5","Node.js;Express;JavaScript","Backend Development","Backend Development","Internship","Remote","0","Open","0","0","3","0","0","1","0","1","0"
"83","Communication;CSS;HTML","Machine Learning","Product Management","M.Sc","3","Onsite","Open","6","HTML;CSS;JavaScript;React;Node.js","Web Development","Web Development","Full-time","Remote","1","Open","40","2","3","0","0","1","0","1","2"
"83","Communication;CSS;HTML","Machine Learning","Product Management","M.Sc","3","Onsite","Open","7","Java;Android;Git","Mobile Apps","Mobile Development","Internship","Remote","0","Open","0","0","3","0","0","1","0","1","0"
"83","Communication;CSS;HTML","Machine Learning","Product Management","M.Sc","3","Onsite","Open","8","Figma;User Research","Design","Design","Full-time","Onsite","1","Open","0","0","2","0","0","1","1","1","0"
"83","Communication;CSS;HTML","Machine Learning","Product Management","M.Sc","3","Onsite","Open","9","Docker;Kubernetes;CI/CD","Infrastructure","DevOps","Full-time","Remote","2","Open","0","0","3","0","0","1","0","1","0"
"83","Communication;CSS;HTML","Machine Learning","Product Management","M.Sc","3","Onsite","Open","10","Communication;Agile","Product","Product Management","Internship","Onsite","0","Open","50","1","1","0","1","1","1","1","2"
"126","HTML;CSS;JavaScript;React;TensorFlow;Python;User Research","Web Development","Web Development","BS Computer Science","0","Onsite","Open","1","HTML;CSS;JavaScript;React","Web Development","Web Development","Internship","Remote","0","Open","100","4","0","1","1","1","0","1","4"
"126","HTML;CSS;JavaScript;React;TensorFlow;Python;User Research","Web Development","Web Development","BS Computer Science","0","Onsite","Open","2","HTML;CSS;JavaScript;Vue.js","Web Development","Web Development","Full-time","Onsite","1","Open","75","3","1","1","1","1","1","0","3"
"126","HTML;CSS;JavaScript;React;TensorFlow;Python;User Research","Web Development","Web Development","BS Computer Science","0","Onsite","Open","3","SQL;Excel;Python","Data Analysis","Data Science","Internship","Remote","0","Open","33","1","2","0","0","1","0","1","1"
"126","HTML;CSS;JavaScript;React;TensorFlow;Python;User Research","Web Development","Web Development","BS Computer Science","0","Onsite","Open","4","Python;TensorFlow;Data Science","Machine Learning","AI","Full-time","Onsite","2","Open","67","2","1","0","0","1","1","0","2"
"126","HTML;CSS;JavaScript;React;TensorFlow;Python;User Research","Web Development","Web Development","BS Computer Science","0","Onsite","Open","5","Node.js;Express;JavaScript","Backend Development","Backend Development","Internship","Remote","0","Open","33","1","2","0","0","1","0","1","1"
"126","HTML;CSS;JavaScript;React;TensorFlow;Python;User Research","Web Development","Web Development","BS Computer Science","0","Onsite","Open","6","HTML;CSS;JavaScript;React;Node.js","Web Development","Web Development","Full-time","Remote","1","Open","80","4","1","1","1","1","0","0","3"
"126","HTML;CSS;JavaScript;React;TensorFlow;Python;User Research","Web Development","Web Development","BS Computer Science","0","Onsite","Open","7","Java;Android;Git","Mobile Apps","Mobile Development","Internship","Remote","0","Open","0","0","3","0","0","1","0","1","0"
"126","HTML;CSS;JavaScript;React;TensorFlow;Python;User Research","Web Development","Web Development","BS Computer Science","0","Onsite","Open","8","Figma;User Research","Design","Design","Full-time","Onsite","1","Open","50","1","1","0","0","1","1","0","2"
"126","HTML;CSS;JavaScript;React;TensorFlow;Python;User Research","Web Development","Web Development","BS Computer Science","0","Onsite","Open","9","Docker;Kubernetes;CI/CD","Infrastructure","DevOps","Full-time","Remote","2","Open","0","0","3","0","0","1","0","0","0"
"126","HTML;CSS;JavaScript;React;TensorFlow;Python;User Research","Web Development","Web Development","BS Computer Science","0","Onsite","Open","10","Communication;Agile","Product","Product Management","Internship","Onsite","0","Open","0","0","2","0","0","1","1","1","0"
"120","Java;Git;Python;Express","Mobile Apps","Mobile Development","B.Tech","4","Remote","Restricted","1","HTML;CSS;JavaScript;React","Web Development","Web Development","Internship","Remote","0","Open","0","0","4","0","0","1","1","1","0"
"120","Java;Git;Python;Express","Mobile Apps","Mobile Development","B.Tech","4","Remote","Restricted","2","HTML;CSS;JavaScript;Vue.js","Web Development","Web Development","Full-time","Onsite","1","Open","0","0","4","0","0","1","0","1","0"
"120","Java;Git;Python;Express","Mobile Apps","Mobile Development","B.Tech","4","Remote","Restricted","3","SQL;Excel;Python","Data Analysis","Data Science","Internship","Remote","0","Open","33","1","2","0","0","1","1","1","1"
"120","Java;Git;Python;Express","Mobile Apps","Mobile Development","B.Tech","4","Remote","Restricted","4","Python;TensorFlow;Data Science","Machine Learning","AI","Full-time","Onsite","2","Open","33","1","2","0","0","1","0","1","1"
"120","Java;Git;Python;Express","Mobile Apps","Mobile Development","B.Tech","4","Remote","Restricted","5","Node.js;Express;JavaScript","Backend Development","Backend Development","Internship","Remote","0","Open","33","1","2","0","0","1","1","1","1"
"120","Java;Git;Python;Express","Mobile Apps","Mobile Development","B.Tech","4","Remote","Restricted","6","HTML;CSS;JavaScript;React;Node.js","Web Development","Web Development","Full-time","Remote","1","Open","0","0","5","0","0","1","1","1","0"
"120","Java;Git;Python;Express","Mobile Apps","Mobile Development","B.Tech","4","Remote","Restricted","7","Java;Android;Git","Mobile Apps","Mobile Development","Internship","Remote","0","Open","67","2","1","1","1","1","1","1","3"
"120","Java;Git;Python;Express","Mobile Apps","Mobile Development","B.Tech","4","Remote","Restricted","8","Figma;User Research","Design","Design","Full-time","Onsite","1","Open","0","0","2","0","0","1","0","1","0"
"120","Java;Git;Python;Express","Mobile Apps","Mobile Development","B.Tech","4","Remote","Restricted","9","Docker;Kubernetes;CI/CD","Infrastructure","DevOps","Full-time","Remote","2","Open","0","0","3","0","0","1","1","1","0"
"120","Java;Git;Python;Express","Mobile Apps","Mobile Development","B.Tech","4","Remote","Restricted","10","Communication;Agile","Product","Product Management","Internship","Onsite","0","Open","0","0","2","0","0","1","0","1","0"
"116","SQL;Excel;Python;HTML","Data Analysis","Data Science","B.Sc","2","Remote","Open","1","HTML;CSS;JavaScript;React","Web Development","Web Development","Internship","Remote","0","Open","25","1","3","0","0","1","1","1","1"
"116","SQL;Excel;Python;HTML","Data Analysis","Data Science","B.Sc","2","Remote","Open","2","HTML;CSS;JavaScript;Vue.js","Web Development","Web Development","Full-time","Onsite","1","Open","25","1","3","0","0","1","0","1","1"
"116","SQL;Excel;Python;HTML","Data Analysis","Data Science","B.Sc","2","Remote","Open","3","SQL;Excel;Python","Data Analysis","Data Science","Internship","Remote","0","Open","100","3","0","1","1","1","1","1","4"
"116","SQL;Excel;Python;HTML","Data Analysis","Data Science","B.Sc","2","Remote","Open","4","Python;TensorFlow;Data Science","Machine Learning","AI","Full-time","Onsite","2","Open","33","1","2","0","0","1","0","1","1"
"116","SQL;Excel;Python;HTML","Data Analysis","Data Science","B.Sc","2","Remote","Open","5","Node.js;Express;JavaScript","Backend Development","Backend Development","Internship","Remote","0","Open","0","0","3","0","0","1","1","1","0"
"116","SQL;Excel;Python;HTML","Data Analysis","Data Science","B.Sc","2","Remote","Open","6","HTML;CSS;JavaScript;React;Node.js","Web Development","Web Development","Full-time","Remote","1","Open","20","1","4","0","0","1","1","1","1"
"116","SQL;Excel;Python;HTML","Data Analysis","Data Science","B.Sc","2","Remote","Open","7","Java;Android;Git","Mobile Apps","Mobile Development","Internship","Remote","0","Open","0","0","3","0","0","1","1","1","0"
"116","SQL;Excel;Python;HTML","Data Analysis","Data Science","B.Sc","2","Remote","Open","8","Figma;User Research","Design","Design","Full-time","Onsite","1","Open","0","0","2","0","0","1","0","1","0"
"116","SQL;Excel;Python;HTML","Data Analysis","Data Science","B.Sc","2","Remote","Open","9","Docker;Kubernetes;CI/CD","Infrastructure","DevOps","Full-time","Remote","2","Open","0","0","3","0","0","1","1","1","0"
"116","SQL;Excel;Python;HTML","Data Analysis","Data Science","B.Sc","2","Remote","Open","10","Communication;Agile","Product","Product Management","Internship","Onsite","0","Open","0","0","2","0","0","1","0","1","0"
"138","Figma;User Research;Docker","Product","Design","M.Sc","2","Onsite","Restricted","1","HTML;CSS;JavaScript;React","Web Development","Web Development","Internship","Remote","0","Open","0","0","4","0","0","1","0","1","0"
"138","Figma;User Research;Docker","Product","Design","M.Sc","2","Onsite","Restricted","2","HTML;CSS;JavaScript;Vue.js","Web Development","Web Development","Full-time","Onsite","1","Open","0","0","4","0","0","1","1","1","0"
"138","Figma;User Research;Docker","Product","Design","M.Sc","2","Onsite","Restricted","3","SQL;Excel;Python","Data Analysis","Data Science","Internship","Remote","0","Open","0","0","3","0","0","1","0","1","0"
"138","Figma;User Research;Docker","Product","Design","M.Sc","2","Onsite","Restricted","4","Python;TensorFlow;Data Science","Machine Learning","AI","Full-time","Onsite","2","Open","0","0","3","0","0","1","1","1","0"
"138","Figma;User Research;Docker","Product","Design","M.Sc","2","Onsite","Restricted","5","Node.js;Express;JavaScript","Backend Development","Backend Development","Internship","Remote","0","Open","0","0","3","0","0","1","0","1","0"
"138","Figma;User Research;Docker","Product","Design","M.Sc","2","Onsite","Restricted","6","HTML;CSS;JavaScript;React;Node.js","Web Development","Web Development","Full-time","Remote","1","Open","0","0","5","0","0","1","0","1","0"
"138","Figma;User Research;Docker","Product","Design","M.Sc","2","Onsite","Restricted","7","Java;Android;Git","Mobile Apps","Mobile Development","Internship","Remote","0","Open","0","0","3","0","0","1","0","1","0"
"138","Figma;User Research;Docker","Product","Design","M.Sc","2","Onsite","Restricted","8","Figma;User Research","Design","Design","Full-time","Onsite","1","Open","100","2","0","0","1","1","1","1","3"
"138","Figma;User Research;Docker","Product","Design","M.Sc","2","Onsite","Restricted","9","Docker;Kubernetes;CI/CD","Infrastructure","DevOps","Full-time","Remote","2","Open","33","1","2","0","0","1","0","1","1"
"138","Figma;User Research;Docker","Product","Design","M.Sc","2","Onsite","Restricted","10","Communication;Agile","Product","Product Management","Internship","Onsite","0","Open","0","0","2","1","0","1","1","1","0"
"41","HTML;CSS;JavaScript;React;Express;User Research","Web Development","Web Development","B.Tech","3","Onsite","Restricted","1","HTML;CSS;JavaScript;React","Web Development","Web Development","Internship","Remote","0","Open","100","4","0","1","1","1","0","1","4"
"41","HTML;CSS;JavaScript;React;Express;User Research","Web Development","Web Development","B.Tech","3","Onsite","Restricted","2","HTML;CSS;JavaScript;Vue.js","Web Development","Web Development","Full-time","Onsite","1","Open","75","3","1","1","1","1","1","1","4"
"41","HTML;CSS;JavaScript;React;Express;User Research","Web Development","Web Development","B.Tech","3","Onsite","Restricted","3","SQL;Excel;Python","Data Analysis","Data Science","Internship","Remote","0","Open","0","0","3","0","0","1","0","1","0"
"41","HTML;CSS;JavaScript;React;Express;User Research","Web Development","Web Development","B.Tech","3","Onsite","Restricted","4","Python;TensorFlow;Data Science","Machine Learning","AI","Full-time","Onsite","2","Open","0","0","3","0","0","1","1","1","0"
"41","HTML;CSS;JavaScript;React;Express;User Research","Web Development","Web Development","B.Tech","3","Onsite","Restricted","5","Node.js;Express;JavaScript","Backend Development","Backend Development","Internship","Remote","0","Open","67","2","1","0","0","1","0","1","2"
"41","HTML;CSS;JavaScript;React;Express;User Research","Web Development","Web Development","B.Tech","3","Onsite","Restricted","6","HTML;CSS;JavaScript;React;Node.js","Web Development","Web Development","Full-time","Remote","1","Open","80","4","1","1","1","1","0","1","4"
"41","HTML;CSS;JavaScript;React;Express;User Research","Web Development","Web Development","B.Tech","3","Onsite","Restricted","7","Java;Android;Git","Mobile Apps","Mobile Development","Internship","Remote","0","Open","0","0","3","0","0","1","0","1","0"
"41","HTML;CSS;JavaScript;React;Express;User Research","Web Development","Web Development","B.Tech","3","Onsite","Restricted","8","Figma;User Research","Design","Design","Full-time","Onsite","1","Open","50","1","1","0","0","1","1","1","2"
"41","HTML;CSS;JavaScript;React;Express;User Research","Web Development","Web Development","B.Tech","3","Onsite","Restricted","9","Docker;Kubernetes;CI/CD","Infrastructure","DevOps","Full-time","Remote","2","Open","0","0","3","0","0","1","0","1","0"
"41","HTML;CSS;JavaScript;React;Express;User Research","Web Development","Web Development","B.Tech","3","Onsite","Restricted","10","Communication;Agile","Product","Product Management","Internship","Onsite","0","Open","0","0","2","0","0","1","1","1","0"
"93","User Research;Agile;Android","Backend Development","Design","B.Tech","0","Remote","Restricted","1","HTML;CSS;JavaScript;React","Web Development","Web Development","Internship","Remote","0","Open","0","0","4","0","0","1","1","1","0"
"93","User Research;Agile;Android","Backend Development","Design","B.Tech","0","Remote","Restricted","2","HTML;CSS;JavaScript;Vue.js","Web Development","Web Development","Full-time","Onsite","1","Open","0","0","4","0","0","1","0","0","0"
"93","User Research;Agile;Android","Backend Development","Design","B.Tech","0","Remote","Restricted","3","SQL;Excel;Python","Data Analysis","Data Science","Internship","Remote","0","Open","0","0","3","0","0","1","1","1","0"
"93","User Research;Agile;Android","Backend Development","Design","B.Tech","0","Remote","Restricted","4","Python;TensorFlow;Data Science","Machine Learning","AI","Full-time","Onsite","2","Open","0","0","3","0","0","1","0","0","0"
"93","User Research;Agile;Android","Backend Development","Design","B.Tech","0","Remote","Restricted","5","Node.js;Express;JavaScript","Backend Development","Backend Development","Internship","Remote","0","Open","0","0","3","1","0","1","1","1","0"
"93","User Research;Agile;Android","Backend Development","Design","B.Tech","0","Remote","Restricted","6","HTML;CSS;JavaScript;React;Node.js","Web Development","Web Development","Full-time","Remote","1","Open","0","0","5","0","0","1","1","0","0"
"93","User Research;Agile;Android","Backend Development","Design","B.Tech","0","Remote","Restricted","7","Java;Android;Git","Mobile Apps","Mobile Development","Internship","Remote","0","Open","33","1","2","0","0","1","1","1","1"
"93","User Research;Agile;Android","Backend Development","Design","B.Tech","0","Remote","Restricted","8","Figma;User Research","Design","Design","Full-time","Onsite","1","Open","50","1","1","0","1","1","0","0","2"
"93","User Research;Agile;Android","Backend Development","Design","B.Tech","0","Remote","Restricted","9","Docker;Kubernetes;CI/CD","Infrastructure","DevOps","Full-time","Remote","2","Open","0","0","3","0","0","1","1","0","0"
"93","User Research;Agile;Android","Backend Development","Design","B.Tech","0","Remote","Restricted","10","Communication;Agile","Product","Product Management","Internship","Onsite","0","Open","50","1","1","0","0","1","0","1","2"
"46","Docker;Kubernetes","Infrastructure","DevOps","B.Tech","3","Remote","Open","1","HTML;CSS;JavaScript;React","Web Development","Web Development","Internship","Remote","0","Open","0","0","4","0","0","1","1","1","0"
"46","Docker;Kubernetes","Infrastructure","DevOps","B.Tech","3","Remote","Open","2","HTML;CSS;JavaScript;Vue.js","Web Development","Web Development","Full-time","Onsite","1","Open","0","0","4","0","0","1","0","1","0"
"46","Docker;Kubernetes","Infrastructure","DevOps","B.Tech","3","Remote","Open","3","SQL;Excel;Python","Data Analysis","Data Science","Internship","Remote","0","Open","0","0","3","0","0","1","1","1","0"
"46","Docker;Kubernetes","Infrastructure","DevOps","B.Tech","3","Remote","Open","4","Python;TensorFlow;Data Science","Machine Learning","AI","Full-time","Onsite","2","Open","0","0","3","0","0","1","0","1","0"
"46","Docker;Kubernetes","Infrastructure","DevOps","B.Tech","3","Remote","Open","5","Node.js;Express;JavaScript","Backend Development","Backend Development","Internship","Remote","0","Open","0","0","3","0","0","1","1","1","0"
"46","Docker;Kubernetes","Infrastructure","DevOps","B.Tech","3","Remote","Open","6","HTML;CSS;JavaScript;React;Node.js","Web Development","Web Development","Full-time","Remote","1","Open","0","0","5","0","0","1","1","1","0"
"46","Docker;Kubernetes","Infrastructure","DevOps","B.Tech","3","Remote","Open","7","Java;Android;Git","Mobile Apps","Mobile Development","Internship","Remote","0","Open","0","0","3","0","0","1","1","1","0"
"46","Docker;Kubernetes","Infrastructure","DevOps","B.Tech","3","Remote","Open","8","Figma;User Research","Design","Design","Full-time","Onsite","1","Open","0","0","2","0","0","1","0","1","0"
"46","Docker;Kubernetes","Infrastructure","DevOps","B.Tech","3","Remote","Open","9","Docker;Kubernetes;CI/CD","Infrastructure","DevOps","Full-time","Remote","2","Open","67","2","1","1","1","1","1","1","3"
"46","Docker;Kubernetes","Infrastructure","DevOps","B.Tech","3","Remote","Open","10","Communication;Agile","Product","Product Management","Internship","Onsite","0","Open","0","0","2","0","0","1","0","1","0"
"32","Node.js;Express;JavaScript;CSS;Communication;Java","Backend Development","Backend Development","BS Computer Science","0","Remote","Restricted","1","HTML;CSS;JavaScript;React","Web Development","Web Development","Internship","Remote","0","Open","50","2","2","0","0","1","1","1","2"
"32","Node.js;Express;JavaScript;CSS;Communication;Java","Backend Development","Backend Development","BS Computer Science","0","Remote","Restricted","2","HTML;CSS;JavaScript;Vue.js","Web Development","Web Development","Full-time","Onsite","1","Open","50","2","2","0","0","1","0","0","2"
"32","Node.js;Express;JavaScript;CSS;Communication;Java","Backend Development","Backend Development","BS Computer Science","0","Remote","Restricted","3","SQL;Excel;Python","Data Analysis","Data Science","Internship","Remote","0","Open","0","0","3","0","0","1","1","1","0"
"32","Node.js;Express;JavaScript;CSS;Communication;Java","Backend Development","Backend Development","BS Computer Science","0","Remote","Restricted","4","Python;TensorFlow;Data Science","Machine Learning","AI","Full-time","Onsite","2","Open","0","0","3","0","0","1","0","0","0"
"32","Node.js;Express;JavaScript;CSS;Communication;Java","Backend Development","Backend Development","BS Computer Science","0","Remote","Restricted","5","Node.js;Express;JavaScript","Backend Development","Backend Development","Internship","Remote","0","Open","100","3","0","1","1","1","1","1","4"
"32","Node.js;Express;JavaScript;CSS;Communication;Java","Backend Development","Backend Development","BS Computer Science","0","Remote","Restricted","6","HTML;CSS;JavaScript;React;Node.js","Web Development","Web Development","Full-time","Remote","1","Open","60","3","2","0","0","1","1","0","2"
"32","Node.js;Express;JavaScript;CSS;Communication;Java","Backend Development","Backend Development","BS Computer Science","0","Remote","Restricted","7","Java;Android;Git","Mobile Apps","Mobile Development","Internship","Remote","0","Open","33","1","2","0","0","1","1","1","1"
"32","Node.js;Express;JavaScript;CSS;Communication;Java","Backend Development","Backend Development","BS Computer Science","0","Remote","Restricted","8","Figma;User Research","Design","Design","Full-time","Onsite","1","Open","0","0","2","0","0","1","0","0","0"
"32","Node.js;Express;JavaScript;CSS;Communication;Java","Backend Development","Backend Development","BS Computer Science","0","Remote","Restricted","9","Docker;Kubernetes;CI/CD","Infrastructure","DevOps","Full-time","Remote","2","Open","0","0","3","0","0","1","1","0","0"
"32","Node.js;Express;JavaScript;CSS;Communication;Java","Backend Development","Backend Development","BS Computer Science","0","Remote","Restricted","10","Communication;Agile","Product","Product Management","Internship","Onsite","0","Open","50","1","1","0","0","1","0","1","2"
"58","Python;TensorFlow;Data Science;CI/CD;Node.js;Communication","Machine Learning","AI","B.Sc","1","Remote","Open","1","HTML;CSS;JavaScript;React","Web Development","Web Development","Internship","Remote","0","Open","0","0","4","0","0","1","1","1","0"
"58","Python;TensorFlow;Data Science;CI/CD;Node.js;Communication","Machine Learning","AI","B.Sc","1","Remote","Open","2","HTML;CSS;JavaScript;Vue.js","Web Development","Web Development","Full-time","Onsite","1","Open","0","0","4","0","0","1","0","1","0"
"58","Python;TensorFlow;Data Science;CI/CD;Node.js;Communication","Machine Learning","AI","B.Sc","1","Remote","Open","3","SQL;Excel;Python","Data Analysis","Data Science","Internship","Remote","0","Open","33","1","2","0","0","1","1","1","1"
"58","Python;TensorFlow;Data Science;CI/CD;Node.js;Communication","Machine Learning","AI","B.Sc","1","Remote","Open","4","Python;TensorFlow;Data Science","Machine Learning","AI","Full-time","Onsite","2","Open","100","3","0","1","1","1","0","0","3"
"58","Python;TensorFlow;Data Science;CI/CD;Node.js;Communication","Machine Learning","AI","B.Sc","1","Remote","Open","5","Node.js;Express;JavaScript","Backend Development","Backend Development","Internship","Remote","0","Open","33","1","2","0","0","1","1","1","1"
"58","Python;TensorFlow;Data Science;CI/CD;Node.js;Communication","Machine Learning","AI","B.Sc","1","Remote","Open","6","HTML;CSS;JavaScript;React;Node.js","Web Development","Web Development","Full-time","Remote","1","Open","20","1","4","0","0","1","1","1","1"
"58","Python;TensorFlow;Data Science;CI/CD;Node.js;Communication","Machine Learning","AI","B.Sc","1","Remote","Open","7","Java;Android;Git","Mobile Apps","Mobile Development","Internship","Remote","0","Open","0","0","3","0","0","1","1","1","0"
"58","Python;TensorFlow;Data Science;CI/CD;Node.js;Communication","Machine Learning","AI","B.Sc","1","Remote","Open","8","Figma;User Research","Design","Design","Full-time","Onsite","1","Open","0","0","2","0","0","1","0","1","0"
"58","Python;TensorFlow;Data Science;CI/CD;Node.js;Communication","Machine Learning","AI","B.Sc","1","Remote","Open","9","Docker;Kubernetes;CI/CD","Infrastructure","DevOps","Full-time","Remote","2","Open","33","1","2","0","0","1","1","0","1"
"58","Python;TensorFlow;Data Science;CI/CD;Node.js;Communication","Machine Learning","AI","B.Sc","1","Remote","Open","10","Communication;Agile","Product","Product Management","Internship","Onsite","0","Open","50","1","1","0","0","1","0","1","2"
"62","Python;TensorFlow;Data Science;User Research;SQL","Machine Learning","AI","BS Computer Science","0","Onsite","Restricted","1","HTML;CSS;JavaScript;React","Web Development","Web Development","Internship","Remote","0","Open","0","0","4","0","0","1","0","1","0"
"62","Python;TensorFlow;Data Science;User Research;SQL","Machine Learning","AI","BS Computer Science","0","Onsite","Restricted","2","HTML;CSS;JavaScript;Vue.js","Web Development","Web Development","Full-time","Onsite","1","Open","0","0","4","0","0","1","1","0","0"
"62","Python;TensorFlow;Data Science;User Research;SQL","Machine Learning","AI","BS Computer Science","0","Onsite","Restricted","3","SQL;Excel;Python","Data Analysis","Data Science","Internship","Remote","0","Open","67","2","1","0","0","1","0","1","2"
"62","Python;TensorFlow;Data Science;User Research;SQL","Machine Learning","AI","BS Computer Science","0","Onsite","Restricted","4","Python;TensorFlow;Data Science","Machine Learning","AI","Full-time","Onsite","2","Open","100","3","0","1","1","1","1","0","3"
"62","Python;TensorFlow;Data Science;User Research;SQL","Machine Learning","AI","BS Computer Science","0","Onsite","Restricted","5","Node.js;Express;JavaScript","Backend Development","Backend Development","Internship","Remote","0","Open","0","0","3","0","0","1","0","1","0"
"62","Python;TensorFlow;Data Science;User Research;SQL","Machine Learning","AI","BS Computer Science","0","Onsite","Restricted","6","HTML;CSS;JavaScript;React;Node.js","Web Development","Web Development","Full-time","Remote","1","Open","0","0","5","0","0","1","0","0","0"
"62","Python;TensorFlow;Data Science;User Research;SQL","Machine Learning","AI","BS Computer Science","0","Onsite","Restricted","7","Java;Android;Git","Mobile Apps","Mobile Development","Internship","Remote","0","Open","0","0","3","0","0","1","0","1","0"
"62","Python;TensorFlow;Data Science;User Research;SQL","Machine Learning","AI","BS Computer Science","0","Onsite","Restricted","8","Figma;User Research","Design","Design","Full-time","Onsite","1","Open","50","1","1","0","0","1","1","0","2"
"62","Python;TensorFlow;Data Science;User Research;SQL","Machine Learning","AI","BS Computer Science","0","Onsite","Restricted","9","Docker;Kubernetes;CI/CD","Infrastructure","DevOps","Full-time","Remote","2","Open","0","0","3","0","0","1","0","0","0"
"62","Python;TensorFlow;Data Science;User Research;SQL","Machine Learning","AI","BS Computer Science","0","Onsite","Restricted","10","Communication;Agile","Product","Product Management","Internship","Onsite","0","Open","0","0","2","0","0","1","1","1","0"
"18","SQL;Excel","Data Analysis","Data Science","B.Tech","4","Remote","Restricted","1","HTML;CSS;JavaScript;React","Web Development","Web Development","Internship","Remote","0","Open","0","0","4","0","0","1","1","1","0"
"18","SQL;Excel","Data Analysis","Data Science","B.Tech","4","Remote","Restricted","2","HTML;CSS;JavaScript;Vue.js","Web Development","Web Development","Full-time","Onsite","1","Open","0","0","4","0","0","1","0","1","0"
"18","SQL;Excel","Data Analysis","Data Science","B.Tech","4","Remote","Restricted","3","SQL;Excel;Python","Data Analysis","Data Science","Internship","Remote","0","Open","67","2","1","1","1","1","1","1","3"
"18","SQL;Excel","Data Analysis","Data Science","B.Tech","4","Remote","Restricted","4","Python;TensorFlow;Data Science","Machine Learning","AI","Full-time","Onsite","2","Open","0","0","3","0","0","1","0","1","0"
"18","SQL;Excel","Data Analysis","Data Science","B.Tech","4","Remote","Restricted","5","Node.js;Express;JavaScript","Backend Development","Backend Development","Internship","Remote","0","Open","0","0","3","0","0","1","1","1","0"
"18","SQL;Excel","Data Analysis","Data Science","B.Tech","4","Remote","Restricted","6","HTML;CSS;JavaScript;React;Node.js","Web Development","Web Development","Full-time","Remote","1","Open","0","0","5","0","0","1","1","1","0"
"18","SQL;Excel","Data Analysis","Data Science","B.Tech","4","Remote","Restricted","7","Java;Android;Git","Mobile Apps","Mobile Development","Internship","Remote","0","Open","0","0","3","0","0","1","1","1","0"
"18","SQL;Excel","Data Analysis","Data Science","B.Tech","4","Remote","Restricted","8","Figma;User Research","Design","Design","Full-time","Onsite","1","Open","0","0","2","0","0","1","0","1","0"
"18","SQL;Excel","Data Analysis","Data Science","B.Tech","4","Remote","Restricted","9","Docker;Kubernetes;CI/CD","Infrastructure","DevOps","Full-time","Remote","2","Open","0","0","3","0","0","1","1","1","0"
"18","SQL;Excel","Data Analysis","Data Science","B.Tech","4","Remote","Restricted","10","Communication;Agile","Product","Product Management","Internship","Onsite","0","Open","0","0","2","0","0","1","0","1","0"
"1","Python;TensorFlow;Data Science;Node.js;Vue.js;Java","Web Development","AI","M.Tech","2","Remote","Restricted","1","HTML;CSS;JavaScript;React","Web Development","Web Development","Internship","Remote","0","Open","0","0","4","1","0","1","1","1","0"
"1","Python;TensorFlow;Data Science;Node.js;Vue.js;Java","Web Development","AI","M.Tech","2","Remote","Restricted","2","HTML;CSS;JavaScript;Vue.js","Web Development","Web Development","Full-time","Onsite","1","Open","25","1","3","1","0","1","0","1","1"
"1","Python;TensorFlow;Data Science;Node.js;Vue.js;Java","Web Development","AI","M.Tech","2","Remote","Restricted","3","SQL;Excel;Python","Data Analysis","Data Science","Internship","Remote","0","Open","33","1","2","0","0","1","1","1","1"
"1","Python;TensorFlow;Data Science;Node.js;Vue.js;Java","Web Development","AI","M.Tech","2","Remote","Restricted","4","Python;TensorFlow;Data Science","Machine Learning","AI","Full-time","Onsite","2","Open","100","3","0","0","1","1","0","1","3"
"1","Python;TensorFlow;Data Science;Node.js;Vue.js;Java","Web Development","AI","M.Tech","2","Remote","Restricted","5","Node.js;Express;JavaScript","Backend Development","Backend Development","Internship","Remote","0","Open","33","1","2","0","0","1","1","1","1"
"1","Python;TensorFlow;Data Science;Node.js;Vue.js;Java","Web Development","AI","M.Tech","2","Remote","Restricted","6","HTML;CSS;JavaScript;React;Node.js","Web Development","Web Development","Full-time","Remote","1","Open","20","1","4","1","0","1","1","1","1"
"1","Python;TensorFlow;Data Science;Node.js;Vue.js;Java","Web Development","AI","M.Tech","2","Remote","Restricted","7","Java;Android;Git","Mobile Apps","Mobile Development","Internship","Remote","0","Open","33","1","2","0","0","1","1","1","1"
"1","Python;TensorFlow;Data Science;Node.js;Vue.js;Java","Web Development","AI","M.Tech","2","Remote","Restricted","8","Figma;User Research","Design","Design","Full-time","Onsite","1","Open","0","0","2","0","0","1","0","1","0"
"1","Python;TensorFlow;Data Science;Node.js;Vue.js;Java","Web Development","AI","M.Tech","2","Remote","Restricted","9","Docker;Kubernetes;CI/CD","Infrastructure","DevOps","Full-time","Remote","2","Open","0","0","3","0","0","1","1","1","0"
"1","Python;TensorFlow;Data Science;Node.js;Vue.js;Java","Web Development","AI","M.Tech","2","Remote","Restricted","10","Communication;Agile","Product","Product Management","Internship","Onsite","0","Open","0","0","2","0","0","1","0","1","0"
"21","Figma;User Research;Kubernetes","Design","Design","M.Sc","1","Remote","Restricted","1","HTML;CSS;JavaScript;React","Web Development","Web Development","Internship","Remote","0","Open","0","0","4","0","0","1","1","1","0"
"21","Figma;User Research;Kubernetes","Design","Design","M.Sc","1","Remote","Restricted","2","HTML;CSS;JavaScript;Vue.js","Web Development","Web Development","Full-time","Onsite","1","Open","0","0","4","0","0","1","0","1","0"
"21","Figma;User Research;Kubernetes","Design","Design","M.Sc","1","Remote","Restricted","3","SQL;Excel;Python","Data Analysis","Data Science","Internship","Remote","0","Open","0","0","3","0","0","1","1","1","0"
"21","Figma;User Research;Kubernetes","Design","Design","M.Sc","1","Remote","Restricted","4","Python;TensorFlow;Data Science","Machine Learning","AI","Full-time","Onsite","2","Open","0","0","3","0","0","1","0","0","0"
"21","Figma;User Research;Kubernetes","Design","Design","M.Sc","1","Remote","Restricted","5","Node.js;Express;JavaScript","Backend Development","Backend Development","Internship","Remote","0","Open","0","0","3","0","0","1","1","1","0"
"21","Figma;User Research;Kubernetes","Design","Design","M.Sc","1","Remote","Restricted","6","HTML;CSS;JavaScript;React;Node.js","Web Development","Web Development","Full-time","Remote","1","Open","0","0","5","0","0","1","1","1","0"
"21","Figma;User Research;Kubernetes","Design","Design","M.Sc","1","Remote","Restricted","7","Java;Android;Git","Mobile Apps","Mobile Development","Internship","Remote","0","Open","0","0","3","0","0","1","1","1","0"
"21","Figma;User Research;Kubernetes","Design","Design","M.Sc","1","Remote","Restricted","8","Figma;User Research","Design","Design","Full-time","Onsite","1","Open","100","2","0","1","1","1","0","1","4"
"21","Figma;User Research;Kubernetes","Design","Design","M.Sc","1","Remote","Restricted","9","Docker;Kubernetes;CI/CD","Infrastructure","DevOps","Full-time","Remote","2","Open","33","1","2","0","0","1","1","0","1"
"21","Figma;User Research;Kubernetes","Design","Design","M.Sc","1","Remote","Restricted","10","Communication;Agile","Product","Product Management","Internship","Onsite","0","Open","0","0","2","0","0","1","0","1","0"
"91","SQL;Excel;Python","Data Analysis","Data Science","M.Sc","2","Onsite","Open","1","HTML;CSS;JavaScript;React","Web Development","Web Development","Internship","Remote","0","Open","0","0","4","0","0","1","0","1","0"
"91","SQL;Excel;Python","Data Analysis","Data Science","M.Sc","2","Onsite","Open","2","HTML;CSS;JavaScript;Vue.js","Web Development","Web Development","Full-time","Onsite","1","Open","0","0","4","0","0","1","1","1","0"
"91","SQL;Excel;Python","Data Analysis","Data Science","M.Sc","2","Onsite","Open","3","SQL;Excel;Python","Data Analysis","Data Science","Internship","Remote","0","Open","100","3","0","1","1","1","0","1","4"
"91","SQL;Excel;Python","Data Analysis","Data Science","M.Sc","2","Onsite","Open","4","Python;TensorFlow;Data Science","Machine Learning","AI","Full-time","Onsite","2","Open","33","1","2","0","0","1","1","1","1"
"91","SQL;Excel;Python","Data Analysis","Data Science","M.Sc","2","Onsite","Open","5","Node.js;Express;JavaScript","Backend Development","Backend Development","Internship","Remote","0","Open","0","0","3","0","0","1","0","1","0"
"91","SQL;Excel;Python","Data Analysis","Data Science","M.Sc","2","Onsite","Open","6","HTML;CSS;JavaScript;React;Node.js","Web Development","Web Development","Full-time","Remote","1","Open","0","0","5","0","0","1","0","1","0"
"91","SQL;Excel;Python","Data Analysis","Data Science","M.Sc","2","Onsite","Open","7","Java;Android;Git","Mobile Apps","Mobile Development","Internship","Remote","0","Open","0","0","3","0","0","1","0","1","0"
"91","SQL;Excel;Python","Data Analysis","Data Science","M.Sc","2","Onsite","Open","8","Figma;User Research","Design","Design","Full-time","Onsite","1","Open","0","0","2","0","0","1","1","1","0"
"91","SQL;Excel;Python","Data Analysis","Data Science","M.Sc","2","Onsite","Open","9","Docker;Kubernetes;CI/CD","Infrastructure","DevOps","Full-time","Remote","2","Open","0","0","3","0","0","1","0","1","0"
"91","SQL;Excel;Python","Data Analysis","Data Science","M.Sc","2","Onsite","Open","10","Communication;Agile","Product","Product Management","Internship","Onsite","0","Open","0","0","2","0","0","1","1","1","0"
"96","Node.js;Express;Data Science;React","Backend Development","Backend Development","M.Tech","3","Onsite","Restricted","1","HTML;CSS;JavaScript;React","Web Development","Web Development","Internship","Remote","0","Open","25","1","3","0","0","1","0","1","1"
"96","Node.js;Express;Data Science;React","Backend Development","Backend Development","M.Tech","3","Onsite","Restricted","2","HTML;CSS;JavaScript;Vue.js","Web Development","Web Development","Full-time","Onsite","1","Open","0","0","4","0","0","1","1","1","0"
"96","Node.js;Express;Data Science;React","Backend Development","Backend Development","M.Tech","3","Onsite","Restricted","3","SQL;Excel;Python","Data Analysis","Data Science","Internship","Remote","0","Open","0","0","3","0","0","1","0","1","0"
"96","Node.js;Express;Data Science;React","Backend Development","Backend Development","M.Tech","3","Onsite","Restricted","4","Python;TensorFlow;Data Science","Machine Learning","AI","Full-time","Onsite","2","Open","33","1","2","0","0","1","1","1","1"
"96","Node.js;Express;Data Science;React","Backend Development","Backend Development","M.Tech","3","Onsite","Restricted","5","Node.js;Express;JavaScript","Backend Development","Backend Development","Internship","Remote","0","Open","67","2","1","1","1","1","0","1","3"
"96","Node.js;Express;Data Science;React","Backend Development","Backend Development","M.Tech","3","Onsite","Restricted","6","HTML;CSS;JavaScript;React;Node.js","Web Development","Web Development","Full-time","Remote","1","Open","40","2","3","0","0","1","0","1","2"
"96","Node.js;Express;Data Science;React","Backend Development","Backend Development","M.Tech","3","Onsite","Restricted","7","Java;Android;Git","Mobile Apps","Mobile Development","Internship","Remote","0","Open","0","0","3","0","0","1","0","1","0"
"96","Node.js;Express;Data Science;React","Backend Development","Backend Development","M.Tech","3","Onsite","Restricted","8","Figma;User Research","Design","Design","Full-time","Onsite","1","Open","0","0","2","0","0","1","1","1","0"
"96","Node.js;Express;Data Science;React","Backend Development","Backend Development","M.Tech","3","Onsite","Restricted","9","Docker;Kubernetes;CI/CD","Infrastructure","DevOps","Full-time","Remote","2","Open","0","0","3","0","0","1","0","1","0"
"96","Node.js;Express;Data Science;React","Backend Development","Backend Development","M.Tech","3","Onsite","Restricted","10","Communication;Agile","Product","Product Management","Internship","Onsite","0","Open","0","0","2","0","0","1","1","1","0"
"134","Python;TensorFlow;Data Science","Machine Learning","AI","B.Sc","1","Onsite","Restricted","1","HTML;CSS;JavaScript;React","Web Development","Web Development","Internship","Remote","0","Open","0","0","4","0","0","1","0","1","0"
"134","Python;TensorFlow;Data Science","Machine Learning","AI","B.Sc","1","Onsite","Restricted","2","HTML;CSS;JavaScript;Vue.js","Web Development","Web Development","Full-time","Onsite","1","Open","0","0","4","0","0","1","1","1","0"
"134","Python;TensorFlow;Data Science","Machine Learning","AI","B.Sc","1","Onsite","Restricted","3","SQL;Excel;Python","Data Analysis","Data Science","Internship","Remote","0","Open","33","1","2","0","0","1","0","1","1"
"134","Python;TensorFlow;Data Science","Machine Learning","AI","B.Sc","1","Onsite","Restricted","4","Python;TensorFlow;Data Science","Machine Learning","AI","Full-time","Onsite","2","Open","100","3","0","1","1","1","1","0","3"
"134","Python;TensorFlow;Data Science","Machine Learning","AI","B.Sc","1","Onsite","Restricted","5","Node.js;Express;JavaScript","Backend Development","Backend Development","Internship","Remote","0","Open","0","0","3","0","0","1","0","1","0"
"134","Python;TensorFlow;Data Science","Machine Learning","AI","B.Sc","1","Onsite","Restricted","6","HTML;CSS;JavaScript;React;Node.js","Web Development","Web Development","Full-time","Remote","1","Open","0","0","5","0","0","1","0","1","0"
"134","Python;TensorFlow;Data Science","Machine Learning","AI","B.Sc","1","Onsite","Restricted","7","Java;Android;Git","Mobile Apps","Mobile Development","Internship","Remote","0","Open","0","0","3","0","0","1","0","1","0"
"134","Python;TensorFlow;Data Science","Machine Learning","AI","B.Sc","1","Onsite","Restricted","8","Figma;User Research","Design","Design","Full-time","Onsite","1","Open","0","0","2","0","0","1","1","1","0"
"134","Python;TensorFlow;Data Science","Machine Learning","AI","B.Sc","1","Onsite","Restricted","9","Docker;Kubernetes;CI/CD","Infrastructure","DevOps","Full-time","Remote","2","Open","0","0","3","0","0","1","0","0","0"
"134","Python;TensorFlow;Data Science","Machine Learning","AI","B.Sc","1","Onsite","Restricted","10","Communication;Agile","Product","Product Management","Internship","Onsite","0","Open","0","0","2","0","0","1","1","1","0"
"25","HTML;CSS;JavaScript;React;Vue.js","Data Analysis","Web Development","B.Tech","2","Remote","Open","1","HTML;CSS;JavaScript;React","Web Development","Web Development","Internship","Remote","0","Open","100","4","0","0","1","1","1","1","3"
"25","HTML;CSS;JavaScript;React;Vue.js","Data Analysis","Web Development","B.Tech","2","Remote","Open","2","HTML;CSS;JavaScript;Vue.js","Web Development","Web Development","Full-time","Onsite","1","Open","100","4","0","0","1","1","0","1","3"
"25","HTML;CSS;JavaScript;React;Vue.js","Data Analysis","Web Development","B.Tech","2","Remote","Open","3","SQL;Excel;Python","Data Analysis","Data Science","Internship","Remote","0","Open","0","0","3","1","0","1","1","1","0"
"25","HTML;CSS;JavaScript;React;Vue.js","Data Analysis","Web Development","B.Tech","2","Remote","Open","4","Python;TensorFlow;Data Science","Machine Learning","AI","Full-time","Onsite","2","Open","0","0","3","0","0","1","0","1","0"
"25","HTML;CSS;JavaScript;React;Vue.js","Data Analysis","Web Development","B.Tech","2","Remote","Open","5","Node.js;Express;JavaScript","Backend Development","Backend Development","Internship","Remote","0","Open","33","1","2","0","0","1","1","1","1"
"25","HTML;CSS;JavaScript;React;Vue.js","Data Analysis","Web Development","B.Tech","2","Remote","Open","6","HTML;CSS;JavaScript;React;Node.js","Web Development","Web Development","Full-time","Remote","1","Open","80","4","1","0","1","1","1","1","3"
"25","HTML;CSS;JavaScript;React;Vue.js","Data Analysis","Web Development","B.Tech","2","Remote","Open","7","Java;Android;Git","Mobile Apps","Mobile Development","Internship","Remote","0","Open","0","0","3","0","0","1","1","1","0"
"25","HTML;CSS;JavaScript;React;Vue.js","Data Analysis","Web Development","B.Tech","2","Remote","Open","8","Figma;User Research","Design","Design","Full-time","Onsite","1","Open","0","0","2","0","0","1","0","1","0"
"25","HTML;CSS;JavaScript;React;Vue.js","Data Analysis","Web Development","B.Tech","2","Remote","Open","9","Docker;Kubernetes;CI/CD","Infrastructure","DevOps","Full-time","Remote","2","Open","0","0","3","0","0","1","1","1","0"
"25","HTML;CSS;JavaScript;React;Vue.js","Data Analysis","Web Development","B.Tech","2","Remote","Open","10","Communication;Agile","Product","Product Management","Internship","Onsite","0","Open","0","0","2","0","0","1","0","1","0"
"113","Communication;Agile;Kubernetes;HTML","Machine Learning","Product Management","BS Computer Science","3","Onsite","Restricted","1","HTML;CSS;JavaScript;React","Web Development","Web Development","Internship","Remote","0","Open","25","1","3","0","0","1","0","1","1"
"113","Communication;Agile;Kubernetes;HTML","Machine Learning","Product Management","BS Computer Science","3","Onsite","Restricted","2","HTML;CSS;JavaScript;Vue.js","Web Development","Web Development","Full-time","Onsite","1","Open","25","1","3","0","0","1","1","1","1"
"113","Communication;Agile;Kubernetes;HTML","Machine Learning","Product Management","BS Computer Science","3","Onsite","Restricted","3","SQL;Excel;Python","Data Analysis","Data Science","Internship","Remote","0","Open","0","0","3","0","0","1","0","1","0"
"113","Communication;Agile;Kubernetes;HTML","Machine Learning","Product Management","BS Computer Science","3","Onsite","Restricted","4","Python;TensorFlow;Data Science","Machine Learning","AI","Full-time","Onsite","2","Open","0","0","3","1","0","1","1","1","0"
"113","Communication;Agile;Kubernetes;HTML","Machine Learning","Product Management","BS Computer Science","3","Onsite","Restricted","5","Node.js;Express;JavaScript","Backend Development","Backend Development","Internship","Remote","0","Open","0","0","3","0","0","1","0","1","0"
"113","Communication;Agile;Kubernetes;HTML","Machine Learning","Product Management","BS Computer Science","3","Onsite","Restricted","6","HTML;CSS;JavaScript;React;Node.js","Web Development","Web Development","Full-time","Remote","1","Open","20","1","4","0","0","1","0","1","1"
"113","Communication;Agile;Kubernetes;HTML","Machine Learning","Product Management","BS Computer Science","3","Onsite","Restricted","7","Java;Android;Git","Mobile Apps","Mobile Development","Internship","Remote","0","Open","0","0","3","0","0","1","0","1","0"
"113","Communication;Agile;Kubernetes;HTML","Machine Learning","Product Management","BS Computer Science","3","Onsite","Restricted","8","Figma;User Research","Design","Design","Full-time","Onsite","1","Open","0","0","2","0","0","1","1","1","0"
"113","Communication;Agile;Kubernetes;HTML","Machine Learning","Product Management","BS Computer Science","3","Onsite","Restricted","9","Docker;Kubernetes;CI/CD","Infrastructure","DevOps","Full-time","Remote","2","Open","33","1","2","0","0","1","0","1","1"
"113","Communication;Agile;Kubernetes;HTML","Machine Learning","Product Management","BS Computer Science","3","Onsite","Restricted","10","Communication;Agile","Product","Product Management","Internship","Onsite","0","Open","100","2","0","0","1","1","1","1","3"
"80","HTML;CSS;JavaScript;React","Web Development","Web Development","BS Computer Science","0","Remote","Open","1","HTML;CSS;JavaScript;React","Web Development","Web Development","Internship","Remote","0","Open","100","4","0","1","1","1","1","1","4"
"80","HTML;CSS;JavaScript;React","Web Development","Web Development","BS Computer Science","0","Remote","Open","2","HTML;CSS;JavaScript;Vue.js","Web Development","Web Development","Full-time","Onsite","1","Open","75","3","1","1","1","1","0","0","3"
"80","HTML;CSS;JavaScript;React","Web Development","Web Development","BS Computer Science","0","Remote","Open","3","SQL;Excel;Python","Data Analysis","Data Science","Internship","Remote","0","Open","0","0","3","0","0","1","1","1","0"
"80","HTML;CSS;JavaScript;React","Web Development","Web Development","BS Computer Science","0","Remote","Open","4","Python;TensorFlow;Data Science","Machine Learning","AI","Full-time","Onsite","2","Open","0","0","3","0","0","1","0","0","0"
"80","HTML;CSS;JavaScript;React","Web Development","Web Development","BS Computer Science","0","Remote","Open","5","Node.js;Express;JavaScript","Backend Development","Backend Development","Internship","Remote","0","Open","33","1","2","0","0","1","1","1","1"
"80","HTML;CSS;JavaScript;React","Web Development","Web Development","BS Computer Science","0","Remote","Open","6","HTML;CSS;JavaScript;React;Node.js","Web Development","Web Development","Full-time","Remote","1","Open","80","4","1","1","1","1","1","0","3"
"80","HTML;CSS;JavaScript;React","Web Development","Web Development","BS Computer Science","0","Remote","Open","7","Java;Android;Git","Mobile Apps","Mobile Development","Internship","Remote","0","Open","0","0","3","0","0","1","1","1","0"
"80","HTML;CSS;JavaScript;React","Web Development","Web Development","BS Computer Science","0","Remote","Open","8","Figma;User Research","Design","Design","Full-time","Onsite","1","Open","0","0","2","0","0","1","0","0","0"
"80","HTML;CSS;JavaScript;React","Web Development","Web Development","BS Computer Science","0","Remote","Open","9","Docker;Kubernetes;CI/CD","Infrastructure","DevOps","Full-time","Remote","2","Open","0","0","3","0","0","1","1","0","0"
"80","HTML;CSS;JavaScript;React","Web Development","Web Development","BS Computer Science","0","Remote","Open","10","Communication;Agile","Product","Product Management","Internship","Onsite","0","Open","0","0","2","0","0","1","0","1","0"
"103","Java;Git;Agile","Mobile Apps","Mobile Development","B.Tech","3","Remote","Restricted","1","HTML;CSS;JavaScript;React","Web Development","Web Development","Internship","Remote","0","Open","0","0","4","0","0","1","1","1","0"
"103","Java;Git;Agile","Mobile Apps","Mobile Development","B.Tech","3","Remote","Restricted","2","HTML;CSS;JavaScript;Vue.js","Web Development","Web Development","Full-time","Onsite","1","Open","0","0","4","0","0","1","0","1","0"
"103","Java;Git;Agile","Mobile Apps","Mobile Development","B.Tech","3","Remote","Restricted","3","SQL;Excel;Python","Data Analysis","Data Science","Internship","Remote","0","Open","0","0","3","0","0","1","1","1","0"
"103","Java;Git;Agile","Mobile Apps","Mobile Development","B.Tech","3","Remote","Restricted","4","Python;TensorFlow;Data Science","Machine Learning","AI","Full-time","Onsite","2","Open","0","0","3","0","0","1","0","1","0"
"103","Java;Git;Agile","Mobile Apps","Mobile Development","B.Tech","3","Remote","Restricted","5","Node.js;Express;JavaScript","Backend Development","Backend Development","Internship","Remote","0","Open","0","0","3","0","0","1","1","1","0"
"103","Java;Git;Agile","Mobile Apps","Mobile Development","B.Tech","3","Remote","Restricted","6","HTML;CSS;JavaScript;React;Node.js","Web Development","Web Development","Full-time","Remote","1","Open","0","0","5","0","0","1","1","1","0"
"103","Java;Git;Agile","Mobile Apps","Mobile Development","B.Tech","3","Remote","Restricted","7","Java;Android;Git","Mobile Apps","Mobile Development","Internship","Remote","0","Open","67","2","1","1","1","1","1","1","3"
"103","Java;Git;Agile","Mobile Apps","Mobile Development","B.Tech","3","Remote","Restricted","8","Figma;User Research","Design","Design","Full-time","Onsite","1","Open","0","0","2","0","0","1","0","1","0"
"103","Java;Git;Agile","Mobile Apps","Mobile Development","B.Tech","3","Remote","Restricted","9","Docker;Kubernetes;CI/CD","Infrastructure","DevOps","Full-time","Remote","2","Open","0","0","3","0","0","1","1","1","0"
"103","Java;Git;Agile","Mobile Apps","Mobile Development","B.Tech","3","Remote","Restricted","10","Communication;Agile","Product","Product Management","Internship","Onsite","0","Open","50","1","1","0","0","1","0","1","2"
"74","Agile;Python;Android;Express;Kubernetes","Product","Product Management","BS Computer Science","4","Remote","Open","1","HTML;CSS;JavaScript;React","Web Development","Web Development","Internship","Remote","0","Open","0","0","4","0","0","1","1","1","0"
"74","Agile;Python;Android;Express;Kubernetes","Product","Product Management","BS Computer Science","4","Remote","Open","2","HTML;CSS;JavaScript;Vue.js","Web Development","Web Development","Full-time","Onsite","1","Open","0","0","4","0","0","1","0","1","0"
"74","Agile;Python;Android;Express;Kubernetes","Product","Product Management","BS Computer Science","4","Remote","Open","3","SQL;Excel;Python","Data Analysis","Data Science","Internship","Remote","0","Open","33","1","2","0","0","1","1","1","1"
"74","Agile;Python;Android;Express;Kubernetes","Product","Product Management","BS Computer Science","4","Remote","Open","4","Python;TensorFlow;Data Science","Machine Learning","AI","Full-time","Onsite","2","Open","33","1","2","0","0","1","0","1","1"
"74","Agile;Python;Android;Express;Kubernetes","Product","Product Management","BS Computer Science","4","Remote","Open","5","Node.js;Express;JavaScript","Backend Development","Backend Development","Internship","Remote","0","Open","33","1","2","0","0","1","1","1","1"
"74","Agile;Python;Android;Express;Kubernetes","Product","Product Management","BS Computer Science","4","Remote","Open","6","HTML;CSS;JavaScript;React;Node.js","Web Development","Web Development","Full-time","Remote","1","Open","0","0","5","0","0","1","1","1","0"
"74","Agile;Python;Android;Express;Kubernetes","Product","Product Management","BS Computer Science","4","Remote","Open","7","Java;Android;Git","Mobile Apps","Mobile Development","Internship","Remote","0","Open","33","1","2","0","0","1","1","1","1"
"74","Agile;Python;Android;Express;Kubernetes","Product","Product Management","BS Computer Science","4","Remote","Open","8","Figma;User Research","Design","Design","Full-time","Onsite","1","Open","0","0","2","0","0","1","0","1","0"
"74","Agile;Python;Android;Express;Kubernetes","Product","Product Management","BS Computer Science","4","Remote","Open","9","Docker;Kubernetes;CI/CD","Infrastructure","DevOps","Full-time","Remote","2","Open","33","1","2","0","0","1","1","1","1"
"74","Agile;Python;Android;Express;Kubernetes","Product","Product Management","BS Computer Science","4","Remote","Open","10","Communication;Agile","Product","Product Management","Internship","Onsite","0","Open","50","1","1","1","1","1","0","1","2"
"34","SQL;Excel;Android;Vue.js","Data Analysis","Data Science","B.Sc","2","Onsite","Open","1","HTML;CSS;JavaScript;React","Web Development","Web Development","Internship","Remote","0","Open","0","0","4","0","0","1","0","1","0"
"34","SQL;Excel;Android;Vue.js","Data Analysis","Data Science","B.Sc","2","Onsite","Open","2","HTML;CSS;JavaScript;Vue.js","Web Development","Web Development","Full-time","Onsite","1","Open","25","1","3","0","0","1","1","1","1"
"34","SQL;Excel;Android;Vue.js","Data Analysis","Data Science","B.Sc","2","Onsite","Open","3","SQL;Excel;Python","Data Analysis","Data Science","Internship","Remote","0","Open","67","2","1","1","1","1","0","1","3"
"34","SQL;Excel;Android;Vue.js","Data Analysis","Data Science","B.Sc","2","Onsite","Open","4","Python;TensorFlow;Data Science","Machine Learning","AI","Full-time","Onsite","2","Open","0","0","3","0","0","1","1","1","0"
"34","SQL;Excel;Android;Vue.js","Data Analysis","Data Science","B.Sc","2","Onsite","Open","5","Node.js;Express;JavaScript","Backend Development","Backend Development","Internship","Remote","0","Open","0","0","3","0","0","1","0","1","0"
"34","SQL;Excel;Android;Vue.js","Data Analysis","Data Science","B.Sc","2","Onsite","Open","6","HTML;CSS;JavaScript;React;Node.js","Web Development","Web Development","Full-time","Remote","1","Open","0","0","5","0","0","1","0","1","0"
"34","SQL;Excel;Android;Vue.js","Data Analysis","Data Science","B.Sc","2","Onsite","Open","7","Java;Android;Git","Mobile Apps","Mobile Development","Internship","Remote","0","Open","33","1","2","0","0","1","0","1","1"
"34","SQL;Excel;Android;Vue.js","Data Analysis","Data Science","B.Sc","2","Onsite","Open","8","Figma;User Research","Design","Design","Full-time","Onsite","1","Open","0","0","2","0","0","1","1","1","0"
"34","SQL;Excel;Android;Vue.js","Data Analysis","Data Science","B.Sc","2","Onsite","Open","9","Docker;Kubernetes;CI/CD","Infrastructure","DevOps","Full-time","Remote","2","Open","0","0","3","0","0","1","0","1","0"
"34","SQL;Excel;Android;Vue.js","Data Analysis","Data Science","B.Sc","2","Onsite","Open","10","Communication;Agile","Product","Product Management","Internship","Onsite","0","Open","0","0","2","0","0","1","1","1","0"
"3","HTML;CSS;JavaScript;React;Kubernetes;Figma","Web Development","Web Development","B.Sc","3","Remote","Restricted","1","HTML;CSS;JavaScript;React","Web Development","Web Development","Internship","Remote","0","Open","100","4","0","1","1","1","1","1","4"
"3","HTML;CSS;JavaScript;React;Kubernetes;Figma","Web Development","Web Development","B.Sc","3","Remote","Restricted","2","HTML;CSS;JavaScript;Vue.js","Web Development","Web Development","Full-time","Onsite","1","Open","75","3","1","1","1","1","0","1","4"
"3","HTML;CSS;JavaScript;React;Kubernetes;Figma","Web Development","Web Development","B.Sc","3","Remote","Restricted","3","SQL;Excel;Python","Data Analysis","Data Science","Internship","Remote","0","Open","0","0","3","0","0","1","1","1","0"
"3","HTML;CSS;JavaScript;React;Kubernetes;Figma","Web Development","Web Development","B.Sc","3","Remote","Restricted","4","Python;TensorFlow;Data Science","Machine Learning","AI","Full-time","Onsite","2","Open","0","0","3","0","0","1","0","1","0"
"3","HTML;CSS;JavaScript;React;Kubernetes;Figma","Web Development","Web Development","B.Sc","3","Remote","Restricted","5","Node.js;Express;JavaScript","Backend Development","Backend Development","Internship","Remote","0","Open","33","1","2","0","0","1","1","1","1"
"3","HTML;CSS;JavaScript;React;Kubernetes;Figma","Web Development","Web Development","B.Sc","3","Remote","Restricted","6","HTML;CSS;JavaScript;React;Node.js","Web Development","Web Development","Full-time","Remote","1","Open","80","4","1","1","1","1","1","1","4"
"3","HTML;CSS;JavaScript;React;Kubernetes;Figma","Web Development","Web Development","B.Sc","3","Remote","Restricted","7","Java;Android;Git","Mobile Apps","Mobile Development","Internship","Remote","0","Open","0","0","3","0","0","1","1","1","0"
"3","HTML;CSS;JavaScript;React;Kubernetes;Figma","Web Development","Web Development","B.Sc","3","Remote","Restricted","8","Figma;User Research","Design","Design","Full-time","Onsite","1","Open","50","1","1","0","0","1","0","1","2"
"3","HTML;CSS;JavaScript;React;Kubernetes;Figma","Web Development","Web Development","B.Sc","3","Remote","Restricted","9","Docker;Kubernetes;CI/CD","Infrastructure","DevOps","Full-time","Remote","2","Open","33","1","2","0","0","1","1","1","1"
"3","HTML;CSS;JavaScript;React;Kubernetes;Figma","Web Development","Web Development","B.Sc","3","Remote","Restricted","10","Communication;Agile","Product","Product Management","Internship","Onsite","0","Open","0","0","2","0","0","1","0","1","0"
"75","Python;TensorFlow;Data Science;SQL;Android;JavaScript;Express","Machine Learning","AI","BS Computer Science","2","Remote","Open","1","HTML;CSS;JavaScript;React","Web Development","Web Development","Internship","Remote","0","Open","25","1","3","0","0","1","1","1","1"
"75","Python;TensorFlow;Data Science;SQL;Android;JavaScript;Express","Machine Learning","AI","BS Computer Science","2","Remote","Open","2","HTML;CSS;JavaScript;Vue.js","Web Development","Web Development","Full-time","Onsite","1","Open","25","1","3","0","0","1","0","1","1"
"75","Python;TensorFlow;Data Science;SQL;Android;JavaScript;Express","Machine Learning","AI","BS Computer Science","2","Remote","Open","3","SQL;Excel;Python","Data Analysis","Data Science","Internship","Remote","0","Open","67","2","1","0","0","1","1","1","2"
"75","Python;TensorFlow;Data Science;SQL;Android;JavaScript;Express","Machine Learning","AI","BS Computer Science","2","Remote","Open","4","Python;TensorFlow;Data Science","Machine Learning","AI","Full-time","Onsite","2","Open","100","3","0","1","1","1","0","1","4"
"75","Python;TensorFlow;Data Science;SQL;Android;JavaScript;Express","Machine Learning","AI","BS Computer Science","2","Remote","Open","5","Node.js;Express;JavaScript","Backend Development","Backend Development","Internship","Remote","0","Open","67","2","1","0","0","1","1","1","2"
"75","Python;TensorFlow;Data Science;SQL;Android;JavaScript;Express","Machine Learning","AI","BS Computer Science","2","Remote","Open","6","HTML;CSS;JavaScript;React;Node.js","Web Development","Web Development","Full-time","Remote","1","Open","20","1","4","0","0","1","1","1","1"
"75","Python;TensorFlow;Data Science;SQL;Android;JavaScript;Express","Machine Learning","AI","BS Computer Science","2","Remote","Open","7","Java;Android;Git","Mobile Apps","Mobile Development","Internship","Remote","0","Open","33","1","2","0","0","1","1","1","1"
"75","Python;TensorFlow;Data Science;SQL;Android;JavaScript;Express","Machine Learning","AI","BS Computer Science","2","Remote","Open","8","Figma;User Research","Design","Design","Full-time","Onsite","1","Open","0","0","2","0","0","1","0","1","0"
"75","Python;TensorFlow;Data Science;SQL;Android;JavaScript;Express","Machine Learning","AI","BS Computer Science","2","Remote","Open","9","Docker;Kubernetes;CI/CD","Infrastructure","DevOps","Full-time","Remote","2","Open","0","0","3","0","0","1","1","1","0"
"75","Python;TensorFlow;Data Science;SQL;Android;JavaScript;Express","Machine Learning","AI","BS Computer Science","2","Remote","Open","10","Communication;Agile","Product","Product Management","Internship","Onsite","0","Open","0","0","2","0","0","1","0","1","0"
"5","SQL;Excel;Python;Data Science;Vue.js","Data Analysis","Data Science","BS Computer Science","2","Remote","Open","1","HTML;CSS;JavaScript;React","Web Development","Web Development","Internship","Remote","0","Open","0","0","4","0","0","1","1","1","0"
"5","SQL;Excel;Python;Data Science;Vue.js","Data Analysis","Data Science","BS Computer Science","2","Remote","Open","2","HTML;CSS;JavaScript;Vue.js","Web Development","Web Development","Full-time","Onsite","1","Open","25","1","3","0","0","1","0","1","1"
"5","SQL;Excel;Python;Data Science;Vue.js","Data Analysis","Data Science","BS Computer Science","2","Remote","Open","3","SQL;Excel;Python","Data Analysis","Data Science","Internship","Remote","0","Open","100","3","0","1","1","1","1","1","4"
"5","SQL;Excel;Python;Data Science;Vue.js","Data Analysis","Data Science","BS Computer Science","2","Remote","Open","4","Python;TensorFlow;Data Science","Machine Learning","AI","Full-time","Onsite","2","Open","67","2","1","0","0","1","0","1","2"
"5","SQL;Excel;Python;Data Science;Vue.js","Data Analysis","Data Science","BS Computer Science","2","Remote","Open","5","Node.js;Express;JavaScript","Backend Development","Backend Development","Internship","Remote","0","Open","0","0","3","0","0","1","1","1","0"
"5","SQL;Excel;Python;Data Science;Vue.js","Data Analysis","Data Science","BS Computer Science","2","Remote","Open","6","HTML;CSS;JavaScript;React;Node.js","Web Development","Web Development","Full-time","Remote","1","Open","0","0","5","0","0","1","1","1","0"
"5","SQL;Excel;Python;Data Science;Vue.js","Data Analysis","Data Science","BS Computer Science","2","Remote","Open","7","Java;Android;Git","Mobile Apps","Mobile Development","Internship","Remote","0","Open","0","0","3","0","0","1","1","1","0"
"5","SQL;Excel;Python;Data Science;Vue.js","Data Analysis","Data Science","BS Computer Science","2","Remote","Open","8","Figma;User Research","Design","Design","Full-time","Onsite","1","Open","0","0","2","0","0","1","0","1","0"
"5","SQL;Excel;Python;Data Science;Vue.js","Data Analysis","Data Science","BS Computer Science","2","Remote","Open","9","Docker;Kubernetes;CI/CD","Infrastructure","DevOps","Full-time","Remote","2","Open","0","0","3","0","0","1","1","1","0"
"5","SQL;Excel;Python;Data Science;Vue.js","Data Analysis","Data Science","BS Computer Science","2","Remote","Open","10","Communication;Agile","Product","Product Management","Internship","Onsite","0","Open","0","0","2","0","0","1","0","1","0"
"17","Communication;Agile;React;Android","Data Analysis","Product Management","M.Tech","3","Remote","Restricted","1","HTML;CSS;JavaScript;React","Web Development","Web Development","Internship","Remote","0","Open","25","1","3","0","0","1","1","1","1"
"17","Communication;Agile;React;Android","Data Analysis","Product Management","M.Tech","3","Remote","Restricted","2","HTML;CSS;JavaScript;Vue.js","Web Development","Web Development","Full-time","Onsite","1","Open","0","0","4","0","0","1","0","1","0"
"17","Communication;Agile;React;Android","Data Analysis","Product Management","M.Tech","3","Remote","Restricted","3","SQL;Excel;Python","Data Analysis","Data Science","Internship","Remote","0","Open","0","0","3","1","0","1","1","1","0"
"17","Communication;Agile;React;Android","Data Analysis","Product Management","M.Tech","3","Remote","Restricted","4","Python;TensorFlow;Data Science","Machine Learning","AI","Full-time","Onsite","2","Open","0","0","3","0","0","1","0","1","0"
"17","Communication;Agile;React;Android","Data Analysis","Product Management","M.Tech","3","Remote","Restricted","5","Node.js;Express;JavaScript","Backend Development","Backend Development","Internship","Remote","0","Open","0","0","3","0","0","1","1","1","0"
"17","Communication;Agile;React;Android","Data Analysis","Product Management","M.Tech","3","Remote","Restricted","6","HTML;CSS;JavaScript;React;Node.js","Web Development","Web Development","Full-time","Remote","1","Open","20","1","4","0","0","1","1","1","1"
"17","Communication;Agile;React;Android","Data Analysis","Product Management","M.Tech","3","Remote","Restricted","7","Java;Android;Git","Mobile Apps","Mobile Development","Internship","Remote","0","Open","33","1","2","0","0","1","1","1","1"
"17","Communication;Agile;React;Android","Data Analysis","Product Management","M.Tech","3","Remote","Restricted","8","Figma;User Research","Design","Design","Full-time","Onsite","1","Open","0","0","2","0","0","1","0","1","0"
"17","Communication;Agile;React;Android","Data Analysis","Product Management","M.Tech","3","Remote","Restricted","9","Docker;Kubernetes;CI/CD","Infrastructure","DevOps","Full-time","Remote","2","Open","0","0","3","0","0","1","1","1","0"
"17","Communication;Agile;React;Android","Data Analysis","Product Management","M.Tech","3","Remote","Restricted","10","Communication;Agile","Product","Product Management","Internship","Onsite","0","Open","100","2","0","0","1","1","0","1","3"
"20","Figma;Git","Design","Design","BS Computer Science","4","Onsite","Restricted","1","HTML;CSS;JavaScript;React","Web Development","Web Development","Internship","Remote","0","Open","0","0","4","0","0","1","0","1","0"
"20","Figma;Git","Design","Design","BS Computer Science","4","Onsite","Restricted","2","HTML;CSS;JavaScript;Vue.js","Web Development","Web Development","Full-time","Onsite","1","Open","0","0","4","0","0","1","1","1","0"
"20","Figma;Git","Design","Design","BS Computer Science","4","Onsite","Restricted","3","SQL;Excel;Python","Data Analysis","Data Science","Internship","Remote","0","Open","0","0","3","0","0","1","0","1","0"
"20","Figma;Git","Design","Design","BS Computer Science","4","Onsite","Restricted","4","Python;TensorFlow;Data Science","Machine Learning","AI","Full-time","Onsite","2","Open","0","0","3","0","0","1","1","1","0"
"20","Figma;Git","Design","Design","BS Computer Science","4","Onsite","Restricted","5","Node.js;Express;JavaScript","Backend Development","Backend Development","Internship","Remote","0","Open","0","0","3","0","0","1","0","1","0"
"20","Figma;Git","Design","Design","BS Computer Science","4","Onsite","Restricted","6","HTML;CSS;JavaScript;React;Node.js","Web Development","Web Development","Full-time","Remote","1","Open","0","0","5","0","0","1","0","1","0"
"20","Figma;Git","Design","Design","BS Computer Science","4","Onsite","Restricted","7","Java;Android;Git","Mobile Apps","Mobile Development","Internship","Remote","0","Open","33","1","2","0","0","1","0","1","1"
"20","Figma;Git","Design","Design","BS Computer Science","4","Onsite","Restricted","8","Figma;User Research","Design","Design","Full-time","Onsite","1","Open","50","1","1","1","1","1","1","1","2"
"20","Figma;Git","Design","Design","BS Computer Science","4","Onsite","Restricted","9","Docker;Kubernetes;CI/CD","Infrastructure","DevOps","Full-time","Remote","2","Open","0","0","3","0","0","1","0","1","0"
"20","Figma;Git","Design","Design","BS Computer Science","4","Onsite","Restricted","10","Communication;Agile","Product","Product Management","Internship","Onsite","0","Open","0","0","2","0","0","1","1","1","0"
"73","Node.js;Express;JavaScript;Excel;Java","Backend Development","Backend Development","M.Tech","3","Onsite","Open","1","HTML;CSS;JavaScript;React","Web Development","Web Development","Internship","Remote","0","Open","25","1","3","0","0","1","0","1","1"
"73","Node.js;Express;JavaScript;Excel;Java","Backend Development","Backend Development","M.Tech","3","Onsite","Open","2","HTML;CSS;JavaScript;Vue.js","Web Development","Web Development","Full-time","Onsite","1","Open","25","1","3","0","0","1","1","1","1"
"73","Node.js;Express;JavaScript;Excel;Java","Backend Development","Backend Development","M.Tech","3","Onsite","Open","3","SQL;Excel;Python","Data Analysis","Data Science","Internship","Remote","0","Open","33","1","2","0","0","1","0","1","1"
"73","Node.js;Express;JavaScript;Excel;Java","Backend Development","Backend Development","M.Tech","3","Onsite","Open","4","Python;TensorFlow;Data Science","Machine Learning","AI","Full-time","Onsite","2","Open","0","0","3","0","0","1","1","1","0"
"73","Node.js;Express;JavaScript;Excel;Java","Backend Development","Backend Development","M.Tech","3","Onsite","Open","5","Node.js;Express;JavaScript","Backend Development","Backend Development","Internship","Remote","0","Open","100","3","0","1","1","1","0","1","4"
"73","Node.js;Express;JavaScript;Excel;Java","Backend Development","Backend Development","M.Tech","3","Onsite","Open","6","HTML;CSS;JavaScript;React;Node.js","Web Development","Web Development","Full-time","Remote","1","Open","40","2","3","0","0","1","0","1","2"
"73","Node.js;Express;JavaScript;Excel;Java","Backend Development","Backend Development","M.Tech","3","Onsite","Open","7","Java;Android;Git","Mobile Apps","Mobile Development","Internship","Remote","0","Open","33","1","2","0","0","1","0","1","1"
"73","Node.js;Express;JavaScript;Excel;Java","Backend Development","Backend Development","M.Tech","3","Onsite","Open","8","Figma;User Research","Design","Design","Full-time","Onsite","1","Open","0","0","2","0","0","1","1","1","0"
"73","Node.js;Express;JavaScript;Excel;Java","Backend Development","Backend Development","M.Tech","3","Onsite","Open","9","Docker;Kubernetes;CI/CD","Infrastructure","DevOps","Full-time","Remote","2","Open","0","0","3","0","0","1","0","1","0"
"73","Node.js;Express;JavaScript;Excel;Java","Backend Development","Backend Development","M.Tech","3","Onsite","Open","10","Communication;Agile","Product","Product Management","Internship","Onsite","0","Open","0","0","2","0","0","1","1","1","0"
"127","TensorFlow;JavaScript;Communication;SQL","Machine Learning","AI","B.Tech","3","Remote","Open","1","HTML;CSS;JavaScript;React","Web Development","Web Development","Internship","Remote","0","Open","25","1","3","0","0","1","1","1","1"
"127","TensorFlow;JavaScript;Communication;SQL","Machine Learning","AI","B.Tech","3","Remote","Open","2","HTML;CSS;JavaScript;Vue.js","Web Development","Web Development","Full-time","Onsite","1","Open","25","1","3","0","0","1","0","1","1"
"127","TensorFlow;JavaScript;Communication;SQL","Machine Learning","AI","B.Tech","3","Remote","Open","3","SQL;Excel;Python","Data Analysis","Data Science","Internship","Remote","0","Open","33","1","2","0","0","1","1","1","1"
"127","TensorFlow;JavaScript;Communication;SQL","Machine Learning","AI","B.Tech","3","Remote","Open","4","Python;TensorFlow;Data Science","Machine Learning","AI","Full-time","Onsite","2","Open","33","1","2","1","1","1","0","1","1"
"127","TensorFlow;JavaScript;Communication;SQL","Machine Learning","AI","B.Tech","3","Remote","Open","5","Node.js;Express;JavaScript","Backend Development","Backend Development","Internship","Remote","0","Open","33","1","2","0","0","1","1","1","1"
"127","TensorFlow;JavaScript;Communication;SQL","Machine Learning","AI","B.Tech","3","Remote","Open","6","HTML;CSS;JavaScript;React;Node.js","Web Development","Web Development","Full-time","Remote","1","Open","20","1","4","0","0","1","1","1","1"
"127","TensorFlow;JavaScript;Communication;SQL","Machine Learning","AI","B.Tech","3","Remote","Open","7","Java;Android;Git","Mobile Apps","Mobile Development","Internship","Remote","0","Open","0","0","3","0","0","1","1","1","0"
"127","TensorFlow;JavaScript;Communication;SQL","Machine Learning","AI","B.Tech","3","Remote","Open","8","Figma;User Research","Design","Design","Full-time","Onsite","1","Open","0","0","2","0","0","1","0","1","0"
"127","TensorFlow;JavaScript;Communication;SQL","Machine Learning","AI","B.Tech","3","Remote","Open","9","Docker;Kubernetes;CI/CD","Infrastructure","DevOps","Full-time","Remote","2","Open","0","0","3","0","0","1","1","1","0"
"127","TensorFlow;JavaScript;Communication;SQL","Machine Learning","AI","B.Tech","3","Remote","Open","10","Communication;Agile","Product","Product Management","Internship","Onsite","0","Open","50","1","1","0","0","1","0","1","2"
"52","SQL;Excel;Python;Java;Docker;Node.js","Data Analysis","Data Science","M.Sc","3","Onsite","Open","1","HTML;CSS;JavaScript;React","Web Development","Web Development","Internship","Remote","0","Open","0","0","4","0","0","1","0","1","0"
"52","SQL;Excel;Python;Java;Docker;Node.js","Data Analysis","Data Science","M.Sc","3","Onsite","Open","2","HTML;CSS;JavaScript;Vue.js","Web Development","Web Development","Full-time","Onsite","1","Open","0","0","4","0","0","1","1","1","0"
"52","SQL;Excel;Python;Java;Docker;Node.js","Data Analysis","Data Science","M.Sc","3","Onsite","Open","3","SQL;Excel;Python","Data Analysis","Data Science","Internship","Remote","0","Open","100","3","0","1","1","1","0","1","4"
"52","SQL;Excel;Python;Java;Docker;Node.js","Data Analysis","Data Science","M.Sc","3","Onsite","Open","4","Python;TensorFlow;Data Science","Machine Learning","AI","Full-time","Onsite","2","Open","33","1","2","0","0","1","1","1","1"
"52","SQL;Excel;Python;Java;Docker;Node.js","Data Analysis","Data Science","M.Sc","3","Onsite","Open","5","Node.js;Express;JavaScript","Backend Development","Backend Development","Internship","Remote","0","Open","33","1","2","0","0","1","0","1","1"
"52","SQL;Excel;Python;Java;Docker;Node.js","Data Analysis","Data Science","M.Sc","3","Onsite","Open","6","HTML;CSS;JavaScript;React;Node.js","Web Development","Web Development","Full-time","Remote","1","Open","20","1","4","0","0","1","0","1","1"
"52","SQL;Excel;Python;Java;Docker;Node.js","Data Analysis","Data Science","M.Sc","3","Onsite","Open","7","Java;Android;Git","Mobile Apps","Mobile Development","Internship","Remote","0","Open","33","1","2","0","0","1","0","1","1"
"52","SQL;Excel;Python;Java;Docker;Node.js","Data Analysis","Data Science","M.Sc","3","Onsite","Open","8","Figma;User Research","Design","Design","Full-time","Onsite","1","Open","0","0","2","0","0","1","1","1","0"
"52","SQL;Excel;Python;Java;Docker;Node.js","Data Analysis","Data Science","M.Sc","3","Onsite","Open","9","Docker;Kubernetes;CI/CD","Infrastructure","DevOps","Full-time","Remote","2","Open","33","1","2","0","0","1","0","1","1"
"52","SQL;Excel;Python;Java;Docker;Node.js","Data Analysis","Data Science","M.Sc","3","Onsite","Open","10","Communication;Agile","Product","Product Management","Internship","Onsite","0","Open","0","0","2","0","0","1","1","1","0"
"38","SQL;Excel;Python;Vue.js","Data Analysis","Data Science","B.Sc","0","Onsite","Restricted","1","HTML;CSS;JavaScript;React","Web Development","Web Development","Internship","Remote","0","Open","0","0","4","0","0","1","0","1","0"
"38","SQL;Excel;Python;Vue.js","Data Analysis","Data Science","B.Sc","0","Onsite","Restricted","2","HTML;CSS;JavaScript;Vue.js","Web Development","Web Development","Full-time","Onsite","1","Open","25","1","3","0","0","1","1","0","1"
"38","SQL;Excel;Python;Vue.js","Data Analysis","Data Science","B.Sc","0","Onsite","Restricted","3","SQL;Excel;Python","Data Analysis","Data Science","Internship","Remote","0","Open","100","3","0","1","1","1","0","1","4"
"38","SQL;Excel;Python;Vue.js","Data Analysis","Data Science","B.Sc","0","Onsite","Restricted","4","Python;TensorFlow;Data Science","Machine Learning","AI","Full-time","Onsite","2","Open","33","1","2","0","0","1","1","0","1"
"38","SQL;Excel;Python;Vue.js","Data Analysis","Data Science","B.Sc","0","Onsite","Restricted","5","Node.js;Express;JavaScript","Backend Development","Backend Development","Internship","Remote","0","Open","0","0","3","0","0","1","0","1","0"
"38","SQL;Excel;Python;Vue.js","Data Analysis","Data Science","B.Sc","0","Onsite","Restricted","6","HTML;CSS;JavaScript;React;Node.js","Web Development","Web Development","Full-time","Remote","1","Open","0","0","5","0","0","1","0","0","0"
"38","SQL;Excel;Python;Vue.js","Data Analysis","Data Science","B.Sc","0","Onsite","Restricted","7","Java;Android;Git","Mobile Apps","Mobile Development","Internship","Remote","0","Open","0","0","3","0","0","1","0","1","0"
"38","SQL;Excel;Python;Vue.js","Data Analysis","Data Science","B.Sc","0","Onsite","Restricted","8","Figma;User Research","Design","Design","Full-time","Onsite","1","Open","0","0","2","0","0","1","1","0","0"
"38","SQL;Excel;Python;Vue.js","Data Analysis","Data Science","B.Sc","0","Onsite","Restricted","9","Docker;Kubernetes;CI/CD","Infrastructure","DevOps","Full-time","Remote","2","Open","0","0","3","0","0","1","0","0","0"
"38","SQL;Excel;Python;Vue.js","Data Analysis","Data Science","B.Sc","0","Onsite","Restricted","10","Communication;Agile","Product","Product Management","Internship","Onsite","0","Open","0","0","2","0","0","1","1","1","0"
"39","Python;Data Science;SQL;Excel","Mobile Apps","AI","B.Tech","4","Remote","Open","1","HTML;CSS;JavaScript;React","Web Development","Web Development","Internship","Remote","0","Open","0","0","4","0","0","1","1","1","0"
"39","Python;Data Science;SQL;Excel","Mobile Apps","AI","B.Tech","4","Remote","Open","2","HTML;CSS;JavaScript;Vue.js","Web Development","Web Development","Full-time","Onsite","1","Open","0","0","4","0","0","1","0","1","0"
"39","Python;Data Science;SQL;Excel","Mobile Apps","AI","B.Tech","4","Remote","Open","3","SQL;Excel;Python","Data Analysis","Data Science","Internship","Remote","0","Open","100","3","0","0","0","1","1","1","2"
"39","Python;Data Science;SQL;Excel","Mobile Apps","AI","B.Tech","4","Remote","Open","4","Python;TensorFlow;Data Science","Machine Learning","AI","Full-time","Onsite","2","Open","67","2","1","0","1","1","0","1","3"
"39","Python;Data Science;SQL;Excel","Mobile Apps","AI","B.Tech","4","Remote","Open","5","Node.js;Express;JavaScript","Backend Development","Backend Development","Internship","Remote","0","Open","0","0","3","0","0","1","1","1","0"
"39","Python;Data Science;SQL;Excel","Mobile Apps","AI","B.Tech","4","Remote","Open","6","HTML;CSS;JavaScript;React;Node.js","Web Development","Web Development","Full-time","Remote","1","Open","0","0","5","0","0","1","1","1","0"
"39","Python;Data Science;SQL;Excel","Mobile Apps","AI","B.Tech","4","Remote","Open","7","Java;Android;Git","Mobile Apps","Mobile Development","Internship","Remote","0","Open","0","0","3","1","0","1","1","1","0"
"39","Python;Data Science;SQL;Excel","Mobile Apps","AI","B.Tech","4","Remote","Open","8","Figma;User Research","Design","Design","Full-time","Onsite","1","Open","0","0","2","0","0","1","0","1","0"
"39","Python;Data Science;SQL;Excel","Mobile Apps","AI","B.Tech","4","Remote","Open","9","Docker;Kubernetes;CI/CD","Infrastructure","DevOps","Full-time","Remote","2","Open","0","0","3","0","0","1","1","1","0"
"39","Python;Data Science;SQL;Excel","Mobile Apps","AI","B.Tech","4","Remote","Open","10","Communication;Agile","Product","Product Management","Internship","Onsite","0","Open","0","0","2","0","0","1","0","1","0"
"114","Excel;Python","Web Development","Data Science","B.Sc","0","Onsite","Open","1","HTML;CSS;JavaScript;React","Web Development","Web Development","Internship","Remote","0","Open","0","0","4","1","0","1","0","1","0"
"114","Excel;Python","Web Development","Data Science","B.Sc","0","Onsite","Open","2","HTML;CSS;JavaScript;Vue.js","Web Development","Web Development","Full-time","Onsite","1","Open","0","0","4","1","0","1","1","0","0"
"114","Excel;Python","Web Development","Data Science","B.Sc","0","Onsite","Open","3","SQL;Excel;Python","Data Analysis","Data Science","Internship","Remote","0","Open","67","2","1","0","1","1","0","1","3"
"114","Excel;Python","Web Development","Data Science","B.Sc","0","Onsite","Open","4","Python;TensorFlow;Data Science","Machine Learning","AI","Full-time","Onsite","2","Open","33","1","2","0","0","1","1","0","1"
"114","Excel;Python","Web Development","Data Science","B.Sc","0","Onsite","Open","5","Node.js;Express;JavaScript","Backend Development","Backend Development","Internship","Remote","0","Open","0","0","3","0","0","1","0","1","0"
"114","Excel;Python","Web Development","Data Science","B.Sc","0","Onsite","Open","6","HTML;CSS;JavaScript;React;Node.js","Web Development","Web Development","Full-time","Remote","1","Open","0","0","5","1","0","1","0","0","0"
"114","Excel;Python","Web Development","Data Science","B.Sc","0","Onsite","Open","7","Java;Android;Git","Mobile Apps","Mobile Development","Internship","Remote","0","Open","0","0","3","0","0","1","0","1","0"
"114","Excel;Python","Web Development","Data Science","B.Sc","0","Onsite","Open","8","Figma;User Research","Design","Design","Full-time","Onsite","1","Open","0","0","2","0","0","1","1","0","0"
"114","Excel;Python","Web Development","Data Science","B.Sc","0","Onsite","Open","9","Docker;Kubernetes;CI/CD","Infrastructure","DevOps","Full-time","Remote","2","Open","0","0","3","0","0","1","0","0","0"
"114","Excel;Python","Web Development","Data Science","B.Sc","0","Onsite","Open","10","Communication;Agile","Product","Product Management","Internship","Onsite","0","Open","0","0","2","0","0","1","1","1","0"
"94","HTML;CSS;Git","Web Development","Web Development","B.Tech","2","Remote","Restricted","1","HTML;CSS;JavaScript;React","Web Development","Web Development","Internship","Remote","0","Open","50","2","2","1","1","1","1","1","2"
"94","HTML;CSS;Git","Web Development","Web Development","B.Tech","2","Remote","Restricted","2","HTML;CSS;JavaScript;Vue.js","Web Development","Web Development","Full-time","Onsite","1","Open","50","2","2","1","1","1","0","1","2"
"94","HTML;CSS;Git","Web Development","Web Development","B.Tech","2","Remote","Restricted","3","SQL;Excel;Python","Data Analysis","Data Science","Internship","Remote","0","Open","0","0","3","0","0","1","1","1","0"
"94","HTML;CSS;Git","Web Development","Web Development","B.Tech","2","Remote","Restricted","4","Python;TensorFlow;Data Science","Machine Learning","AI","Full-time","Onsite","2","Open","0","0","3","0","0","1","0","1","0"
"94","HTML;CSS;Git","Web Development","Web Development","B.Tech","2","Remote","Restricted","5","Node.js;Express;JavaScript","Backend Development","Backend Development","Internship","Remote","0","Open","0","0","3","0","0","1","1","1","0"
"94","HTML;CSS;Git","Web Development","Web Development","B.Tech","2","Remote","Restricted","6","HTML;CSS;JavaScript;React;Node.js","Web Development","Web Development","Full-time","Remote","1","Open","40","2","3","1","1","1","1","1","2"
"94","HTML;CSS;Git","Web Development","Web Development","B.Tech","2","Remote","Restricted","7","Java;Android;Git","Mobile Apps","Mobile Development","Internship","Remote","0","Open","33","1","2","0","0","1","1","1","1"
"94","HTML;CSS;Git","Web Development","Web Development","B.Tech","2","Remote","Restricted","8","Figma;User Research","Design","Design","Full-time","Onsite","1","Open","0","0","2","0","0","1","0","1","0"
"94","HTML;CSS;Git","Web Development","Web Development","B.Tech","2","Remote","Restricted","9","Docker;Kubernetes;CI/CD","Infrastructure","DevOps","Full-time","Remote","2","Open","0","0","3","0","0","1","1","1","0"
"94","HTML;CSS;Git","Web Development","Web Development","B.Tech","2","Remote","Restricted","10","Communication;Agile","Product","Product Management","Internship","Onsite","0","Open","0","0","2","0","0","1","0","1","0"
"45","Figma;User Research;Node.js;CSS;Communication","Backend Development","Design","BS Computer Science","3","Onsite","Open","1","HTML;CSS;JavaScript;React","Web Development","Web Development","Internship","Remote","0","Open","25","1","3","0","0","1","0","1","1"
"45","Figma;User Research;Node.js;CSS;Communication","Backend Development","Design","BS Computer Science","3","Onsite","Open","2","HTML;CSS;JavaScript;Vue.js","Web Development","Web Development","Full-time","Onsite","1","Open","25","1","3","0","0","1","1","1","1"
"45","Figma;User Research;Node.js;CSS;Communication","Backend Development","Design","BS Computer Science","3","Onsite","Open","3","SQL;Excel;Python","Data Analysis","Data Science","Internship","Remote","0","Open","0","0","3","0","0","1","0","1","0"
"45","Figma;User Research;Node.js;CSS;Communication","Backend Development","Design","BS Computer Science","3","Onsite","Open","4","Python;TensorFlow;Data Science","Machine Learning","AI","Full-time","Onsite","2","Open","0","0","3","0","0","1","1","1","0"
"45","Figma;User Research;Node.js;CSS;Communication","Backend Development","Design","BS Computer Science","3","Onsite","Open","5","Node.js;Express;JavaScript","Backend Development","Backend Development","Internship","Remote","0","Open","33","1","2","1","0","1","0","1","1"
"45","Figma;User Research;Node.js;CSS;Communication","Backend Development","Design","BS Computer Science","3","Onsite","Open","6","HTML;CSS;JavaScript;React;Node.js","Web Development","Web Development","Full-time","Remote","1","Open","40","2","3","0","0","1","0","1","2"
"45","Figma;User Research;Node.js;CSS;Communication","Backend Development","Design","BS Computer Science","3","Onsite","Open","7","Java;Android;Git","Mobile Apps","Mobile Development","Internship","Remote","0","Open","0","0","3","0","0","1","0","1","0"
"45","Figma;User Research;Node.js;CSS;Communication","Backend Development","Design","BS Computer Science","3","Onsite","Open","8","Figma;User Research","Design","Design","Full-time","Onsite","1","Open","100","2","0","0","1","1","1","1","3"
"45","Figma;User Research;Node.js;CSS;Communication","Backend Development","Design","BS Computer Science","3","Onsite","Open","9","Docker;Kubernetes;CI/CD","Infrastructure","DevOps","Full-time","Remote","2","Open","0","0","3","0","0","1","0","1","0"
"45","Figma;User Research;Node.js;CSS;Communication","Backend Development","Design","BS Computer Science","3","Onsite","Open","10","Communication;Agile","Product","Product Management","Internship","Onsite","0","Open","50","1","1","0","0","1","1","1","2"
"28","Java;Android;Git","Mobile Apps","Mobile Development","BS Computer Science","2","Onsite","Open","1","HTML;CSS;JavaScript;React","Web Development","Web Development","Internship","Remote","0","Open","0","0","4","0","0","1","0","1","0"
"28","Java;Android;Git","Mobile Apps","Mobile Development","BS Computer Science","2","Onsite","Open","2","HTML;CSS;JavaScript;Vue.js","Web Development","Web Development","Full-time","Onsite","1","Open","0","0","4","0","0","1","1","1","0"
"28","Java;Android;Git","Mobile Apps","Mobile Development","BS Computer Science","2","Onsite","Open","3","SQL;Excel;Python","Data Analysis","Data Science","Internship","Remote","0","Open","0","0","3","0","0","1","0","1","0"
"28","Java;Android;Git","Mobile Apps","Mobile Development","BS Computer Science","2","Onsite","Open","4","Python;TensorFlow;Data Science","Machine Learning","AI","Full-time","Onsite","2","Open","0","0","3","0","0","1","1","1","0"
"28","Java;Android;Git","Mobile Apps","Mobile Development","BS Computer Science","2","Onsite","Open","5","Node.js;Express;JavaScript","Backend Development","Backend Development","Internship","Remote","0","Open","0","0","3","0","0","1","0","1","0"
"28","Java;Android;Git","Mobile Apps","Mobile Development","BS Computer Science","2","Onsite","Open","6","HTML;CSS;JavaScript;React;Node.js","Web Development","Web Development","Full-time","Remote","1","Open","0","0","5","0","0","1","0","1","0"
"28","Java;Android;Git","Mobile Apps","Mobile Development","BS Computer Science","2","Onsite","Open","7","Java;Android;Git","Mobile Apps","Mobile Development","Internship","Remote","0","Open","100","3","0","1","1","1","0","1","4"
"28","Java;Android;Git","Mobile Apps","Mobile Development","BS Computer Science","2","Onsite","Open","8","Figma;User Research","Design","Design","Full-time","Onsite","1","Open","0","0","2","0","0","1","1","1","0"
"28","Java;Android;Git","Mobile Apps","Mobile Development","BS Computer Science","2","Onsite","Open","9","Docker;Kubernetes;CI/CD","Infrastructure","DevOps","Full-time","Remote","2","Open","0","0","3","0","0","1","0","1","0"
"28","Java;Android;Git","Mobile Apps","Mobile Development","BS Computer Science","2","Onsite","Open","10","Communication;Agile","Product","Product Management","Internship","Onsite","0","Open","0","0","2","0","0","1","1","1","0"
"128","CI/CD","Data Analysis","DevOps","B.Tech","2","Remote","Open","1","HTML;CSS;JavaScript;React","Web Development","Web Development","Internship","Remote","0","Open","0","0","4","0","0","1","1","1","0"
"128","CI/CD","Data Analysis","DevOps","B.Tech","2","Remote","Open","2","HTML;CSS;JavaScript;Vue.js","Web Development","Web Development","Full-time","Onsite","1","Open","0","0","4","0","0","1","0","1","0"
"128","CI/CD","Data Analysis","DevOps","B.Tech","2","Remote","Open","3","SQL;Excel;Python","Data Analysis","Data Science","Internship","Remote","0","Open","0","0","3","1","0","1","1","1","0"
"128","CI/CD","Data Analysis","DevOps","B.Tech","2","Remote","Open","4","Python;TensorFlow;Data Science","Machine Learning","AI","Full-time","Onsite","2","Open","0","0","3","0","0","1","0","1","0"
"128","CI/CD","Data Analysis","DevOps","B.Tech","2","Remote","Open","5","Node.js;Express;JavaScript","Backend Development","Backend Development","Internship","Remote","0","Open","0","0","3","0","0","1","1","1","0"
"128","CI/CD","Data Analysis","DevOps","B.Tech","2","Remote","Open","6","HTML;CSS;JavaScript;React;Node.js","Web Development","Web Development","Full-time","Remote","1","Open","0","0","5","0","0","1","1","1","0"
"128","CI/CD","Data Analysis","DevOps","B.Tech","2","Remote","Open","7","Java;Android;Git","Mobile Apps","Mobile Development","Internship","Remote","0","Open","0","0","3","0","0","1","1","1","0"
"128","CI/CD","Data Analysis","DevOps","B.Tech","2","Remote","Open","8","Figma;User Research","Design","Design","Full-time","Onsite","1","Open","0","0","2","0","0","1","0","1","0"
"128","CI/CD","Data Analysis","DevOps","B.Tech","2","Remote","Open","9","Docker;Kubernetes;CI/CD","Infrastructure","DevOps","Full-time","Remote","2","Open","33","1","2","0","1","1","1","1","1"
"128","CI/CD","Data Analysis","DevOps","B.Tech","2","Remote","Open","10","Communication;Agile","Product","Product Management","Internship","Onsite","0","Open","0","0","2","0","0","1","0","1","0"
"55","Node.js;Express;React","Backend Development","Backend Development","B.Tech","1","Onsite","Restricted","1","HTML;CSS;JavaScript;React","Web Development","Web Development","Internship","Remote","0","Open","25","1","3","0","0","1","0","1","1"
"55","Node.js;Express;React","Backend Development","Backend Development","B.Tech","1","Onsite","Restricted","2","HTML;CSS;JavaScript;Vue.js","Web Development","Web Development","Full-time","Onsite","1","Open","0","0","4","0","0","1","1","1","0"
"55","Node.js;Express;React","Backend Development","Backend Development","B.Tech","1","Onsite","Restricted","3","SQL;Excel;Python","Data Analysis","Data Science","Internship","Remote","0","Open","0","0","3","0","0","1","0","1","0"
"55","Node.js;Express;React","Backend Development","Backend Development","B.Tech","1","Onsite","Restricted","4","Python;TensorFlow;Data Science","Machine Learning","AI","Full-time","Onsite","2","Open","0","0","3","0","0","1","1","0","0"
"55","Node.js;Express;React","Backend Development","Backend Development","B.Tech","1","Onsite","Restricted","5","Node.js;Express;JavaScript","Backend Development","Backend Development","Internship","Remote","0","Open","67","2","1","1","1","1","0","1","3"
"55","Node.js;Express;React","Backend Development","Backend Development","B.Tech","1","Onsite","Restricted","6","HTML;CSS;JavaScript;React;Node.js","Web Development","Web Development","Full-time","Remote","1","Open","40","2","3","0","0","1","0","1","2"
"55","Node.js;Express;React","Backend Development","Backend Development","B.Tech","1","Onsite","Restricted","7","Java;Android;Git","Mobile Apps","Mobile Development","Internship","Remote","0","Open","0","0","3","0","0","1","0","1","0"
"55","Node.js;Express;React","Backend Development","Backend Development","B.Tech","1","Onsite","Restricted","8","Figma;User Research","Design","Design","Full-time","Onsite","1","Open","0","0","2","0","0","1","1","1","0"
"55","Node.js;Express;React","Backend Development","Backend Development","B.Tech","1","Onsite","Restricted","9","Docker;Kubernetes;CI/CD","Infrastructure","DevOps","Full-time","Remote","2","Open","0","0","3","0","0","1","0","0","0"
"55","Node.js;Express;React","Backend Development","Backend Development","B.Tech","1","Onsite","Restricted","10","Communication;Agile","Product","Product Management","Internship","Onsite","0","Open","0","0","2","0","0","1","1","1","0"
"97","Java;Express;Vue.js","Product","Product Management","B.Tech","4","Onsite","Restricted","1","HTML;CSS;JavaScript;React","Web Development","Web Development","Internship","Remote","0","Open","0","0","4","0","0","1","0","1","0"
"97","Java;Express;Vue.js","Product","Product Management","B.Tech","4","Onsite","Restricted","2","HTML;CSS;JavaScript;Vue.js","Web Development","Web Development","Full-time","Onsite","1","Open","25","1","3","0","0","1","1","1","1"
"97","Java;Express;Vue.js","Product","Product Management","B.Tech","4","Onsite","Restricted","3","SQL;Excel;Python","Data Analysis","Data Science","Internship","Remote","0","Open","0","0","3","0","0","1","0","1","0"
"97","Java;Express;Vue.js","Product","Product Management","B.Tech","4","Onsite","Restricted","4","Python;TensorFlow;Data Science","Machine Learning","AI","Full-time","Onsite","2","Open","0","0","3","0","0","1","1","1","0"
"97","Java;Express;Vue.js","Product","Product Management","B.Tech","4","Onsite","Restricted","5","Node.js;Express;JavaScript","Backend Development","Backend Development","Internship","Remote","0","Open","33","1","2","0","0","1","0","1","1"
"97","Java;Express;Vue.js","Product","Product Management","B.Tech","4","Onsite","Restricted","6","HTML;CSS;JavaScript;React;Node.js","Web Development","Web Development","Full-time","Remote","1","Open","0","0","5","0","0","1","0","1","0"
"97","Java;Express;Vue.js","Product","Product Management","B.Tech","4","Onsite","Restricted","7","Java;Android;Git","Mobile Apps","Mobile Development","Internship","Remote","0","Open","33","1","2","0","0","1","0","1","1"
"97","Java;Express;Vue.js","Product","Product Management","B.Tech","4","Onsite","Restricted","8","Figma;User Research","Design","Design","Full-time","Onsite","1","Open","0","0","2","0","0","1","1","1","0"
"97","Java;Express;Vue.js","Product","Product Management","B.Tech","4","Onsite","Restricted","9","Docker;Kubernetes;CI/CD","Infrastructure","DevOps","Full-time","Remote","2","Open","0","0","3","0","0","1","0","1","0"
"97","Java;Express;Vue.js","Product","Product Management","B.Tech","4","Onsite","Restricted","10","Communication;Agile","Product","Product Management","Internship","Onsite","0","Open","0","0","2","1","1","1","1","1","0"
"15","HTML;JavaScript;React","Web Development","Web Development","M.Tech","0","Onsite","Restricted","1","HTML;CSS;JavaScript;React","Web Development","Web Development","Internship","Remote","0","Open","75","3","1","1","1","1","0","1","4"
"15","HTML;JavaScript;React","Web Development","Web Development","M.Tech","0","Onsite","Restricted","2","HTML;CSS;JavaScript;Vue.js","Web Development","Web Development","Full-time","Onsite","1","Open","50","2","2","1","1","1","1","0","2"
"15","HTML;JavaScript;React","Web Development","Web Development","M.Tech","0","Onsite","Restricted","3","SQL;Excel;Python","Data Analysis","Data Science","Internship","Remote","0","Open","0","0","3","0","0","1","0","1","0"
"15","HTML;JavaScript;React","Web Development","Web Development","M.Tech","0","Onsite","Restricted","4","Python;TensorFlow;Data Science","Machine Learning","AI","Full-time","Onsite","2","Open","0","0","3","0","0","1","1","0","0"
"15","HTML;JavaScript;React","Web Development","Web Development","M.Tech","0","Onsite","Restricted","5","Node.js;Express;JavaScript","Backend Development","Backend Development","Internship","Remote","0","Open","33","1","2","0","0","1","0","1","1"
"15","HTML;JavaScript;React","Web Development","Web Development","M.Tech","0","Onsite","Restricted","6","HTML;CSS;JavaScript;React;Node.js","Web Development","Web Development","Full-time","Remote","1","Open","60","3","2","1","1","1","0","0","3"
"15","HTML;JavaScript;React","Web Development","Web Development","M.Tech","0","Onsite","Restricted","7","Java;Android;Git","Mobile Apps","Mobile Development","Internship","Remote","0","Open","0","0","3","0","0","1","0","1","0"
"15","HTML;JavaScript;React","Web Development","Web Development","M.Tech","0","Onsite","Restricted","8","Figma;User Research","Design","Design","Full-time","Onsite","1","Open","0","0","2","0","0","1","1","0","0"
"15","HTML;JavaScript;React","Web Development","Web Development","M.Tech","0","Onsite","Restricted","9","Docker;Kubernetes;CI/CD","Infrastructure","DevOps","Full-time","Remote","2","Open","0","0","3","0","0","1","0","0","0"
"15","HTML;JavaScript;React","Web Development","Web Development","M.Tech","0","Onsite","Restricted","10","Communication;Agile","Product","Product Management","Internship","Onsite","0","Open","0","0","2","0","0","1","1","1","0"
"82","Docker;Kubernetes;CI/CD;Node.js;Vue.js","Infrastructure","DevOps","BS Computer Science","1","Remote","Open","1","HTML;CSS;JavaScript;React","Web Development","Web Development","Internship","Remote","0","Open","0","0","4","0","0","1","1","1","0"
"82","Docker;Kubernetes;CI/CD;Node.js;Vue.js","Infrastructure","DevOps","BS Computer Science","1","Remote","Open","2","HTML;CSS;JavaScript;Vue.js","Web Development","Web Development","Full-time","Onsite","1","Open","25","1","3","0","0","1","0","1","1"
"82","Docker;Kubernetes;CI/CD;Node.js;Vue.js","Infrastructure","DevOps","BS Computer Science","1","Remote","Open","3","SQL;Excel;Python","Data Analysis","Data Science","Internship","Remote","0","Open","0","0","3","0","0","1","1","1","0"
"82","Docker;Kubernetes;CI/CD;Node.js;Vue.js","Infrastructure","DevOps","BS Computer Science","1","Remote","Open","4","Python;TensorFlow;Data Science","Machine Learning","AI","Full-time","Onsite","2","Open","0","0","3","0","0","1","0","0","0"
"82","Docker;Kubernetes;CI/CD;Node.js;Vue.js","Infrastructure","DevOps","BS Computer Science","1","Remote","Open","5","Node.js;Express;JavaScript","Backend Development","Backend Development","Internship","Remote","0","Open","33","1","2","0","0","1","1","1","1"
"82","Docker;Kubernetes;CI/CD;Node.js;Vue.js","Infrastructure","DevOps","BS Computer Science","1","Remote","Open","6","HTML;CSS;JavaScript;React;Node.js","Web Development","Web Development","Full-time","Remote","1","Open","20","1","4","0","0","1","1","1","1"
"82","Docker;Kubernetes;CI/CD;Node.js;Vue.js","Infrastructure","DevOps","BS Computer Science","1","Remote","Open","7","Java;Android;Git","Mobile Apps","Mobile Development","Internship","Remote","0","Open","0","0","3","0","0","1","1","1","0"
"82","Docker;Kubernetes;CI/CD;Node.js;Vue.js","Infrastructure","DevOps","BS Computer Science","1","Remote","Open","8","Figma;User Research","Design","Design","Full-time","Onsite","1","Open","0","0","2","0","0","1","0","1","0"
"82","Docker;Kubernetes;CI/CD;Node.js;Vue.js","Infrastructure","DevOps","BS Computer Science","1","Remote","Open","9","Docker;Kubernetes;CI/CD","Infrastructure","DevOps","Full-time","Remote","2","Open","100","3","0","1","1","1","1","0","3"
"82","Docker;Kubernetes;CI/CD;Node.js;Vue.js","Infrastructure","DevOps","BS Computer Science","1","Remote","Open","10","Communication;Agile","Product","Product Management","Internship","Onsite","0","Open","0","0","2","0","0","1","0","1","0"
"129","Figma;User Research;React;TensorFlow","Design","Design","B.Tech","2","Onsite","Restricted","1","HTML;CSS;JavaScript;React","Web Development","Web Development","Internship","Remote","0","Open","25","1","3","0","0","1","0","1","1"
"129","Figma;User Research;React;TensorFlow","Design","Design","B.Tech","2","Onsite","Restricted","2","HTML;CSS;JavaScript;Vue.js","Web Development","Web Development","Full-time","Onsite","1","Open","0","0","4","0","0","1","1","1","0"
"129","Figma;User Research;React;TensorFlow","Design","Design","B.Tech","2","Onsite","Restricted","3","SQL;Excel;Python","Data Analysis","Data Science","Internship","Remote","0","Open","0","0","3","0","0","1","0","1","0"
"129","Figma;User Research;React;TensorFlow","Design","Design","B.Tech","2","Onsite","Restricted","4","Python;TensorFlow;Data Science","Machine Learning","AI","Full-time","Onsite","2","Open","33","1","2","0","0","1","1","1","1"
"129","Figma;User Research;React;TensorFlow","Design","Design","B.Tech","2","Onsite","Restricted","5","Node.js;Express;JavaScript","Backend Development","Backend Development","Internship","Remote","0","Open","0","0","3","0","0","1","0","1","0"
"129","Figma;User Research;React;TensorFlow","Design","Design","B.Tech","2","Onsite","Restricted","6","HTML;CSS;JavaScript;React;Node.js","Web Development","Web Development","Full-time","Remote","1","Open","20","1","4","0","0","1","0","1","1"
"129","Figma;User Research;React;TensorFlow","Design","Design","B.Tech","2","Onsite","Restricted","7","Java;Android;Git","Mobile Apps","Mobile Development","Internship","Remote","0","Open","0","0","3","0","0","1","0","1","0"
"129","Figma;User Research;React;TensorFlow","Design","Design","B.Tech","2","Onsite","Restricted","8","Figma;User Research","Design","Design","Full-time","Onsite","1","Open","100","2","0","1","1","1","1","1","4"
"129","Figma;User Research;React;TensorFlow","Design","Design","B.Tech","2","Onsite","Restricted","9","Docker;Kubernetes;CI/CD","Infrastructure","DevOps","Full-time","Remote","2","Open","0","0","3","0","0","1","0","1","0"
"129","Figma;User Research;React;TensorFlow","Design","Design","B.Tech","2","Onsite","Restricted","10","Communication;Agile","Product","Product Management","Internship","Onsite","0","Open","0","0","2","0","0","1","1","1","0"
"106","Python;TensorFlow;Data Science;Git;Vue.js","Machine Learning","AI","B.Sc","4","Onsite","Restricted","1","HTML;CSS;JavaScript;React","Web Development","Web Development","Internship","Remote","0","Open","0","0","4","0","0","1","0","1","0"
"106","Python;TensorFlow;Data Science;Git;Vue.js","Machine Learning","AI","B.Sc","4","Onsite","Restricted","2","HTML;CSS;JavaScript;Vue.js","Web Development","Web Development","Full-time","Onsite","1","Open","25","1","3","0","0","1","1","1","1"
"106","Python;TensorFlow;Data Science;Git;Vue.js","Machine Learning","AI","B.Sc","4","Onsite","Restricted","3","SQL;Excel;Python","Data Analysis","Data Science","Internship","Remote","0","Open","33","1","2","0","0","1","0","1","1"
"106","Python;TensorFlow;Data Science;Git;Vue.js","Machine Learning","AI","B.Sc","4","Onsite","Restricted","4","Python;TensorFlow;Data Science","Machine Learning","AI","Full-time","Onsite","2","Open","100","3","0","1","1","1","1","1","4"
"106","Python;TensorFlow;Data Science;Git;Vue.js","Machine Learning","AI","B.Sc","4","Onsite","Restricted","5","Node.js;Express;JavaScript","Backend Development","Backend Development","Internship","Remote","0","Open","0","0","3","0","0","1","0","1","0"
"106","Python;TensorFlow;Data Science;Git;Vue.js","Machine Learning","AI","B.Sc","4","Onsite","Restricted","6","HTML;CSS;JavaScript;React;Node.js","Web Development","Web Development","Full-time","Remote","1","Open","0","0","5","0","0","1","0","1","0"
"106","Python;TensorFlow;Data Science;Git;Vue.js","Machine Learning","AI","B.Sc","4","Onsite","Restricted","7","Java;Android;Git","Mobile Apps","Mobile Development","Internship","Remote","0","Open","33","1","2","0","0","1","0","1","1"
"106","Python;TensorFlow;Data Science;Git;Vue.js","Machine Learning","AI","B.Sc","4","Onsite","Restricted","8","Figma;User Research","Design","Design","Full-time","Onsite","1","Open","0","0","2","0","0","1","1","1","0"
"106","Python;TensorFlow;Data Science;Git;Vue.js","Machine Learning","AI","B.Sc","4","Onsite","Restricted","9","Docker;Kubernetes;CI/CD","Infrastructure","DevOps","Full-time","Remote","2","Open","0","0","3","0","0","1","0","1","0"
"106","Python;TensorFlow;Data Science;Git;Vue.js","Machine Learning","AI","B.Sc","4","Onsite","Restricted","10","Communication;Agile","Product","Product Management","Internship","Onsite","0","Open","0","0","2","0","0","1","1","1","0"
"19","Java;Android;Git","Design","Mobile Development","M.Tech","0","Onsite","Restricted","1","HTML;CSS;JavaScript;React","Web Development","Web Development","Internship","Remote","0","Open","0","0","4","0","0","1","0","1","0"
"19","Java;Android;Git","Design","Mobile Development","M.Tech","0","Onsite","Restricted","2","HTML;CSS;JavaScript;Vue.js","Web Development","Web Development","Full-time","Onsite","1","Open","0","0","4","0","0","1","1","0","0"
"19","Java;Android;Git","Design","Mobile Development","M.Tech","0","Onsite","Restricted","3","SQL;Excel;Python","Data Analysis","Data Science","Internship","Remote","0","Open","0","0","3","0","0","1","0","1","0"
"19","Java;Android;Git","Design","Mobile Development","M.Tech","0","Onsite","Restricted","4","Python;TensorFlow;Data Science","Machine Learning","AI","Full-time","Onsite","2","Open","0","0","3","0","0","1","1","0","0"
"19","Java;Android;Git","Design","Mobile Development","M.Tech","0","Onsite","Restricted","5","Node.js;Express;JavaScript","Backend Development","Backend Development","Internship","Remote","0","Open","0","0","3","0","0","1","0","1","0"
"19","Java;Android;Git","Design","Mobile Development","M.Tech","0","Onsite","Restricted","6","HTML;CSS;JavaScript;React;Node.js","Web Development","Web Development","Full-time","Remote","1","Open","0","0","5","0","0","1","0","0","0"
"19","Java;Android;Git","Design","Mobile Development","M.Tech","0","Onsite","Restricted","7","Java;Android;Git","Mobile Apps","Mobile Development","Internship","Remote","0","Open","100","3","0","0","1","1","0","1","3"
"19","Java;Android;Git","Design","Mobile Development","M.Tech","0","Onsite","Restricted","8","Figma;User Research","Design","Design","Full-time","Onsite","1","Open","0","0","2","1","0","1","1","0","0"
"19","Java;Android;Git","Design","Mobile Development","M.Tech","0","Onsite","Restricted","9","Docker;Kubernetes;CI/CD","Infrastructure","DevOps","Full-time","Remote","2","Open","0","0","3","0","0","1","0","0","0"
"19","Java;Android;Git","Design","Mobile Development","M.Tech","0","Onsite","Restricted","10","Communication;Agile","Product","Product Management","Internship","Onsite","0","Open","0","0","2","0","0","1","1","1","0"
"31","HTML;CSS;JavaScript;React;Excel","Mobile Apps","Web Development","BS Computer Science","4","Remote","Open","1","HTML;CSS;JavaScript;React","Web Development","Web Development","Internship","Remote","0","Open","100","4","0","0","1","1","1","1","3"
"31","HTML;CSS;JavaScript;React;Excel","Mobile Apps","Web Development","BS Computer Science","4","Remote","Open","2","HTML;CSS;JavaScript;Vue.js","Web Development","Web Development","Full-time","Onsite","1","Open","75","3","1","0","1","1","0","1","3"
"31","HTML;CSS;JavaScript;React;Excel","Mobile Apps","Web Development","BS Computer Science","4","Remote","Open","3","SQL;Excel;Python","Data Analysis","Data Science","Internship","Remote","0","Open","33","1","2","0","0","1","1","1","1"
"31","HTML;CSS;JavaScript;React;Excel","Mobile Apps","Web Development","BS Computer Science","4","Remote","Open","4","Python;TensorFlow;Data Science","Machine Learning","AI","Full-time","Onsite","2","Open","0","0","3","0","0","1","0","1","0"
"31","HTML;CSS;JavaScript;React;Excel","Mobile Apps","Web Development","BS Computer Science","4","Remote","Open","5","Node.js;Express;JavaScript","Backend Development","Backend Development","Internship","Remote","0","Open","33","1","2","0","0","1","1","1","1"
"31","HTML;CSS;JavaScript;React;Excel","Mobile Apps","Web Development","BS Computer Science","4","Remote","Open","6","HTML;CSS;JavaScript;React;Node.js","Web Development","Web Development","Full-time","Remote","1","Open","80","4","1","0","1","1","1","1","3"
"31","HTML;CSS;JavaScript;React;Excel","Mobile Apps","Web Development","BS Computer Science","4","Remote","Open","7","Java;Android;Git","Mobile Apps","Mobile Development","Internship","Remote","0","Open","0","0","3","1","0","1","1","1","0"
"31","HTML;CSS;JavaScript;React;Excel","Mobile Apps","Web Development","BS Computer Science","4","Remote","Open","8","Figma;User Research","Design","Design","Full-time","Onsite","1","Open","0","0","2","0","0","1","0","1","0"
"31","HTML;CSS;JavaScript;React;Excel","Mobile Apps","Web Development","BS Computer Science","4","Remote","Open","9","Docker;Kubernetes;CI/CD","Infrastructure","DevOps","Full-time","Remote","2","Open","0","0","3","0","0","1","1","1","0"
"31","HTML;CSS;JavaScript;React;Excel","Mobile Apps","Web Development","BS Computer Science","4","Remote","Open","10","Communication;Agile","Product","Product Management","Internship","Onsite","0","Open","0","0","2","0","0","1","0","1","0"
"109","HTML;CSS;JavaScript;React;Kubernetes;Data Science","Web Development","Web Development","M.Tech","0","Remote","Restricted","1","HTML;CSS;JavaScript;React","Web Development","Web Development","Internship","Remote","0","Open","100","4","0","1","1","1","1","1","4"
"109","HTML;CSS;JavaScript;React;Kubernetes;Data Science","Web Development","Web Development","M.Tech","0","Remote","Restricted","2","HTML;CSS;JavaScript;Vue.js","Web Development","Web Development","Full-time","Onsite","1","Open","75","3","1","1","1","1","0","0","3"
"109","HTML;CSS;JavaScript;React;Kubernetes;Data Science","Web Development","Web Development","M.Tech","0","Remote","Restricted","3","SQL;Excel;Python","Data Analysis","Data Science","Internship","Remote","0","Open","0","0","3","0","0","1","1","1","0"
"109","HTML;CSS;JavaScript;React;Kubernetes;Data Science","Web Development","Web Development","M.Tech","0","Remote","Restricted","4","Python;TensorFlow;Data Science","Machine Learning","AI","Full-time","Onsite","2","Open","33","1","2","0","0","1","0","0","1"
"109","HTML;CSS;JavaScript;React;Kubernetes;Data Science","Web Development","Web Development","M.Tech","0","Remote","Restricted","5","Node.js;Express;JavaScript","Backend Development","Backend Development","Internship","Remote","0","Open","33","1","2","0","0","1","1","1","1"
"109","HTML;CSS;JavaScript;React;Kubernetes;Data Science","Web Development","Web Development","M.Tech","0","Remote","Restricted","6","HTML;CSS;JavaScript;React;Node.js","Web Development","Web Development","Full-time","Remote","1","Open","80","4","1","1","1","1","1","0","3"
"109","HTML;CSS;JavaScript;React;Kubernetes;Data Science","Web Development","Web Development","M.Tech","0","Remote","Restricted","7","Java;Android;Git","Mobile Apps","Mobile Development","Internship","Remote","0","Open","0","0","3","0","0","1","1","1","0"
"109","HTML;CSS;JavaScript;React;Kubernetes;Data Science","Web Development","Web Development","M.Tech","0","Remote","Restricted","8","Figma;User Research","Design","Design","Full-time","Onsite","1","Open","0","0","2","0","0","1","0","0","0"
"109","HTML;CSS;JavaScript;React;Kubernetes;Data Science","Web Development","Web Development","M.Tech","0","Remote","Restricted","9","Docker;Kubernetes;CI/CD","Infrastructure","DevOps","Full-time","Remote","2","Open","33","1","2","0","0","1","1","0","1"
"109","HTML;CSS;JavaScript;React;Kubernetes;Data Science","Web Development","Web Development","M.Tech","0","Remote","Restricted","10","Communication;Agile","Product","Product Management","Internship","Onsite","0","Open","0","0","2","0","0","1","0","1","0"
"14","Communication;Agile;CI/CD;Node.js;Express","Product","Product Management","B.Tech","0","Onsite","Restricted","1","HTML;CSS;JavaScript;React","Web Development","Web Development","Internship","Remote","0","Open","0","0","4","0","0","1","0","1","0"
"14","Communication;Agile;CI/CD;Node.js;Express","Product","Product Management","B.Tech","0","Onsite","Restricted","2","HTML;CSS;JavaScript;Vue.js","Web Development","Web Development","Full-time","Onsite","1","Open","0","0","4","0","0","1","1","0","0"
"14","Communication;Agile;CI/CD;Node.js;Express","Product","Product Management","B.Tech","0","Onsite","Restricted","3","SQL;Excel;Python","Data Analysis","Data Science","Internship","Remote","0","Open","0","0","3","0","0","1","0","1","0"
"14","Communication;Agile;CI/CD;Node.js;Express","Product","Product Management","B.Tech","0","Onsite","Restricted","4","Python;TensorFlow;Data Science","Machine Learning","AI","Full-time","Onsite","2","Open","0","0","3","0","0","1","1","0","0"
"14","Communication;Agile;CI/CD;Node.js;Express","Product","Product Management","B.Tech","0","Onsite","Restricted","5","Node.js;Express;JavaScript","Backend Development","Backend Development","Internship","Remote","0","Open","67","2","1","0","0","1","0","1","2"
"14","Communication;Agile;CI/CD;Node.js;Express","Product","Product Management","B.Tech","0","Onsite","Restricted","6","HTML;CSS;JavaScript;React;Node.js","Web Development","Web Development","Full-time","Remote","1","Open","20","1","4","0","0","1","0","0","1"
"14","Communication;Agile;CI/CD;Node.js;Express","Product","Product Management","B.Tech","0","Onsite","Restricted","7","Java;Android;Git","Mobile Apps","Mobile Development","Internship","Remote","0","Open","0","0","3","0","0","1","0","1","0"
"14","Communication;Agile;CI/CD;Node.js;Express","Product","Product Management","B.Tech","0","Onsite","Restricted","8","Figma;User Research","Design","Design","Full-time","Onsite","1","Open","0","0","2","0","0","1","1","0","0"
"14","Communication;Agile;CI/CD;Node.js;Express","Product","Product Management","B.Tech","0","Onsite","Restricted","9","Docker;Kubernetes;CI/CD","Infrastructure","DevOps","Full-time","Remote","2","Open","33","1","2","0","0","1","0","0","1"
"14","Communication;Agile;CI/CD;Node.js;Express","Product","Product Management","B.Tech","0","Onsite","Restricted","10","Communication;Agile","Product","Product Management","Internship","Onsite","0","Open","100","2","0","1","1","1","1","1","4"
"79","SQL;Excel;Python","Data Analysis","Data Science","BS Computer Science","3","Onsite","Open","1","HTML;CSS;JavaScript;React","Web Development","Web Development","Internship","Remote","0","Open","0","0","4","0","0","1","0","1","0"
"79","SQL;Excel;Python","Data Analysis","Data Science","BS Computer Science","3","Onsite","Open","2","HTML;CSS;JavaScript;Vue.js","Web Development","Web Development","Full-time","Onsite","1","Open","0","0","4","0","0","1","1","1","0"
"79","SQL;Excel;Python","Data Analysis","Data Science","BS Computer Science","3","Onsite","Open","3","SQL;Excel;Python","Data Analysis","Data Science","Internship","Remote","0","Open","100","3","0","1","1","1","0","1","4"
"79","SQL;Excel;Python","Data Analysis","Data Science","BS Computer Science","3","Onsite","Open","4","Python;TensorFlow;Data Science","Machine Learning","AI","Full-time","Onsite","2","Open","33","1","2","0","0","1","1","1","1"
"79","SQL;Excel;Python","Data Analysis","Data Science","BS Computer Science","3","Onsite","Open","5","Node.js;Express;JavaScript","Backend Development","Backend Development","Internship","Remote","0","Open","0","0","3","0","0","1","0","1","0"
"79","SQL;Excel;Python","Data Analysis","Data Science","BS Computer Science","3","Onsite","Open","6","HTML;CSS;JavaScript;React;Node.js","Web Development","Web Development","Full-time","Remote","1","Open","0","0","5","0","0","1","0","1","0"
"79","SQL;Excel;Python","Data Analysis","Data Science","BS Computer Science","3","Onsite","Open","7","Java;Android;Git","Mobile Apps","Mobile Development","Internship","Remote","0","Open","0","0","3","0","0","1","0","1","0"
"79","SQL;Excel;Python","Data Analysis","Data Science","BS Computer Science","3","Onsite","Open","8","Figma;User Research","Design","Design","Full-time","Onsite","1","Open","0","0","2","0","0","1","1","1","0"
"79","SQL;Excel;Python","Data Analysis","Data Science","BS Computer Science","3","Onsite","Open","9","Docker;Kubernetes;CI/CD","Infrastructure","DevOps","Full-time","Remote","2","Open","0","0","3","0","0","1","0","1","0"
"79","SQL;Excel;Python","Data Analysis","Data Science","BS Computer Science","3","Onsite","Open","10","Communication;Agile","Product","Product Management","Internship","Onsite","0","Open","0","0","2","0","0","1","1","1","0"
"2","Communication;Agile;CSS;Node.js;JavaScript","Product","Product Management","BS Computer Science","0","Remote","Open","1","HTML;CSS;JavaScript;React","Web Development","Web Development","Internship","Remote","0","Open","50","2","2","0","0","1","1","1","2"
"2","Communication;Agile;CSS;Node.js;JavaScript","Product","Product Management","BS Computer Science","0","Remote","Open","2","HTML;CSS;JavaScript;Vue.js","Web Development","Web Development","Full-time","Onsite","1","Open","50","2","2","0","0","1","0","0","2"
"2","Communication;Agile;CSS;Node.js;JavaScript","Product","Product Management","BS Computer Science","0","Remote","Open","3","SQL;Excel;Python","Data Analysis","Data Science","Internship","Remote","0","Open","0","0","3","0","0","1","1","1","0"
"2","Communication;Agile;CSS;Node.js;JavaScript","Product","Product Management","BS Computer Science","0","Remote","Open","4","Python;TensorFlow;Data Science","Machine Learning","AI","Full-time","Onsite","2","Open","0","0","3","0","0","1","0","0","0"
"2","Communication;Agile;CSS;Node.js;JavaScript","Product","Product Management","BS Computer Science","0","Remote","Open","5","Node.js;Express;JavaScript","Backend Development","Backend Development","Internship","Remote","0","Open","67","2","1","0","0","1","1","1","2"
"2","Communication;Agile;CSS;Node.js;JavaScript","Product","Product Management","BS Computer Science","0","Remote","Open","6","HTML;CSS;JavaScript;React;Node.js","Web Development","Web Development","Full-time","Remote","1","Open","60","3","2","0","0","1","1","0","2"
"2","Communication;Agile;CSS;Node.js;JavaScript","Product","Product Management","BS Computer Science","0","Remote","Open","7","Java;Android;Git","Mobile Apps","Mobile Development","Internship","Remote","0","Open","0","0","3","0","0","1","1","1","0"
"2","Communication;Agile;CSS;Node.js;JavaScript","Product","Product Management","BS Computer Science","0","Remote","Open","8","Figma;User Research","Design","Design","Full-time","Onsite","1","Open","0","0","2","0","0","1","0","0","0"
"2","Communication;Agile;CSS;Node.js;JavaScript","Product","Product Management","BS Computer Science","0","Remote","Open","9","Docker;Kubernetes;CI/CD","Infrastructure","DevOps","Full-time","Remote","2","Open","0","0","3","0","0","1","1","0","0"
"2","Communication;Agile;CSS;Node.js;JavaScript","Product","Product Management","BS Computer Science","0","Remote","Open","10","Communication;Agile","Product","Product Management","Internship","Onsite","0","Open","100","2","0","1","1","1","0","1","4"
"30","SQL;Excel;Python;CI/CD;Communication","Data Analysis","Data Science","M.Sc","0","Onsite","Open","1","HTML;CSS;JavaScript;React","Web Development","Web Development","Internship","Remote","0","Open","0","0","4","0","0","1","0","1","0"
"30","SQL;Excel;Python;CI/CD;Communication","Data Analysis","Data Science","M.Sc","0","Onsite","Open","2","HTML;CSS;JavaScript;Vue.js","Web Development","Web Development","Full-time","Onsite","1","Open","0","0","4","0","0","1","1","0","0"
"30","SQL;Excel;Python;CI/CD;Communication","Data Analysis","Data Science","M.Sc","0","Onsite","Open","3","SQL;Excel;Python","Data Analysis","Data Science","Internship","Remote","0","Open","100","3","0","1","1","1","0","1","4"
"30","SQL;Excel;Python;CI/CD;Communication","Data Analysis","Data Science","M.Sc","0","Onsite","Open","4","Python;TensorFlow;Data Science","Machine Learning","AI","Full-time","Onsite","2","Open","33","1","2","0","0","1","1","0","1"
"30","SQL;Excel;Python;CI/CD;Communication","Data Analysis","Data Science","M.Sc","0","Onsite","Open","5","Node.js;Express;JavaScript","Backend Development","Backend Development","Internship","Remote","0","Open","0","0","3","0","0","1","0","1","0"
"30","SQL;Excel;Python;CI/CD;Communication","Data Analysis","Data Science","M.Sc","0","Onsite","Open","6","HTML;CSS;JavaScript;React;Node.js","Web Development","Web Development","Full-time","Remote","1","Open","0","0","5","0","0","1","0","0","0"
"30","SQL;Excel;Python;CI/CD;Communication","Data Analysis","Data Science","M.Sc","0","Onsite","Open","7","Java;Android;Git","Mobile Apps","Mobile Development","Internship","Remote","0","Open","0","0","3","0","0","1","0","1","0"
"30","SQL;Excel;Python;CI/CD;Communication","Data Analysis","Data Science","M.Sc","0","Onsite","Open","8","Figma;User Research","Design","Design","Full-time","Onsite","1","Open","0","0","2","0","0","1","1","0","0"
"30","SQL;Excel;Python;CI/CD;Communication","Data Analysis","Data Science","M.Sc","0","Onsite","Open","9","Docker;Kubernetes;CI/CD","Infrastructure","DevOps","Full-time","Remote","2","Open","33","1","2","0","0","1","0","0","1"
"30","SQL;Excel;Python;CI/CD;Communication","Data Analysis","Data Science","M.Sc","0","Onsite","Open","10","Communication;Agile","Product","Product Management","Internship","Onsite","0","Open","50","1","1","0","0","1","1","1","2"
"70","Figma;User Research;Docker;React","Design","Design","M.Tech","0","Remote","Open","1","HTML;CSS;JavaScript;React","Web Development","Web Development","Internship","Remote","0","Open","25","1","3","0","0","1","1","1","1"
"70","Figma;User Research;Docker;React","Design","Design","M.Tech","0","Remote","Open","2","HTML;CSS;JavaScript;Vue.js","Web Development","Web Development","Full-time","Onsite","1","Open","0","0","4","0","0","1","0","0","0"
"70","Figma;User Research;Docker;React","Design","Design","M.Tech","0","Remote","Open","3","SQL;Excel;Python","Data Analysis","Data Science","Internship","Remote","0","Open","0","0","3","0","0","1","1","1","0"
"70","Figma;User Research;Docker;React","Design","Design","M.Tech","0","Remote","Open","4","Python;TensorFlow;Data Science","Machine Learning","AI","Full-time","Onsite","2","Open","0","0","3","0","0","1","0","0","0"
"70","Figma;User Research;Docker;React","Design","Design","M.Tech","0","Remote","Open","5","Node.js;Express;JavaScript","Backend Development","Backend Development","Internship","Remote","0","Open","0","0","3","0","0","1","1","1","0"
"70","Figma;User Research;Docker;React","Design","Design","M.Tech","0","Remote","Open","6","HTML;CSS;JavaScript;React;Node.js","Web Development","Web Development","Full-time","Remote","1","Open","20","1","4","0","0","1","1","0","1"
"70","Figma;User Research;Docker;React","Design","Design","M.Tech","0","Remote","Open","7","Java;Android;Git","Mobile Apps","Mobile Development","Internship","Remote","0","Open","0","0","3","0","0","1","1","1","0"
"70","Figma;User Research;Docker;React","Design","Design","M.Tech","0","Remote","Open","8","Figma;User Research","Design","Design","Full-time","Onsite","1","Open","100","2","0","1","1","1","0","0","3"
"70","Figma;User Research;Docker;React","Design","Design","M.Tech","0","Remote","Open","9","Docker;Kubernetes;CI/CD","Infrastructure","DevOps","Full-time","Remote","2","Open","33","1","2","0","0","1","1","0","1"
"70","Figma;User Research;Docker;React","Design","Design","M.Tech","0","Remote","Open","10","Communication;Agile","Product","Product Management","Internship","Onsite","0","Open","0","0","2","0","0","1","0","1","0"
"33","Java;Android;Git;HTML;JavaScript","Mobile Apps","Mobile Development","M.Tech","4","Onsite","Restricted","1","HTML;CSS;JavaScript;React","Web Development","Web Development","Internship","Remote","0","Open","50","2","2","0","0","1","0","1","2"
"33","Java;Android;Git;HTML;JavaScript","Mobile Apps","Mobile Development","M.Tech","4","Onsite","Restricted","2","HTML;CSS;JavaScript;Vue.js","Web Development","Web Development","Full-time","Onsite","1","Open","50","2","2","0","0","1","1","1","2"
"33","Java;Android;Git;HTML;JavaScript","Mobile Apps","Mobile Development","M.Tech","4","Onsite","Restricted","3","SQL;Excel;Python","Data Analysis","Data Science","Internship","Remote","0","Open","0","0","3","0","0","1","0","1","0"
"33","Java;Android;Git;HTML;JavaScript","Mobile Apps","Mobile Development","M.Tech","4","Onsite","Restricted","4","Python;TensorFlow;Data Science","Machine Learning","AI","Full-time","Onsite","2","Open","0","0","3","0","0","1","1","1","0"
"33","Java;Android;Git;HTML;JavaScript","Mobile Apps","Mobile Development","M.Tech","4","Onsite","Restricted","5","Node.js;Express;JavaScript","Backend Development","Backend Development","Internship","Remote","0","Open","33","1","2","0","0","1","0","1","1"
"33","Java;Android;Git;HTML;JavaScript","Mobile Apps","Mobile Development","M.Tech","4","Onsite","Restricted","6","HTML;CSS;JavaScript;React;Node.js","Web Development","Web Development","Full-time","Remote","1","Open","40","2","3","0","0","1","0","1","2"
"33","Java;Android;Git;HTML;JavaScript","Mobile Apps","Mobile Development","M.Tech","4","Onsite","Restricted","7","Java;Android;Git","Mobile Apps","Mobile Development","Internship","Remote","0","Open","100","3","0","1","1","1","0","1","4"
"33","Java;Android;Git;HTML;JavaScript","Mobile Apps","Mobile Development","M.Tech","4","Onsite","Restricted","8","Figma;User Research","Design","Design","Full-time","Onsite","1","Open","0","0","2","0","0","1","1","1","0"
"33","Java;Android;Git;HTML;JavaScript","Mobile Apps","Mobile Development","M.Tech","4","Onsite","Restricted","9","Docker;Kubernetes;CI/CD","Infrastructure","DevOps","Full-time","Remote","2","Open","0","0","3","0","0","1","0","1","0"
"33","Java;Android;Git;HTML;JavaScript","Mobile Apps","Mobile Development","M.Tech","4","Onsite","Restricted","10","Communication;Agile","Product","Product Management","Internship","Onsite","0","Open","0","0","2","0","0","1","1","1","0"
"90","HTML;CSS;React;Kubernetes;User Research","Web Development","Web Development","M.Tech","2","Onsite","Open","1","HTML;CSS;JavaScript;React","Web Development","Web Development","Internship","Remote","0","Open","75","3","1","1","1","1","0","1","4"
"90","HTML;CSS;React;Kubernetes;User Research","Web Development","Web Development","M.Tech","2","Onsite","Open","2","HTML;CSS;JavaScript;Vue.js","Web Development","Web Development","Full-time","Onsite","1","Open","50","2","2","1","1","1","1","1","2"
"90","HTML;CSS;React;Kubernetes;User Research","Web Development","Web Development","M.Tech","2","Onsite","Open","3","SQL;Excel;Python","Data Analysis","Data Science","Internship","Remote","0","Open","0","0","3","0","0","1","0","1","0"
"90","HTML;CSS;React;Kubernetes;User Research","Web Development","Web Development","M.Tech","2","Onsite","Open","4","Python;TensorFlow;Data Science","Machine Learning","AI","Full-time","Onsite","2","Open","0","0","3","0","0","1","1","1","0"
"90","HTML;CSS;React;Kubernetes;User Research","Web Development","Web Development","M.Tech","2","Onsite","Open","5","Node.js;Express;JavaScript","Backend Development","Backend Development","Internship","Remote","0","Open","0","0","3","0","0","1","0","1","0"
"90","HTML;CSS;React;Kubernetes;User Research","Web Development","Web Development","M.Tech","2","Onsite","Open","6","HTML;CSS;JavaScript;React;Node.js","Web Development","Web Development","Full-time","Remote","1","Open","60","3","2","1","1","1","0","1","3"
"90","HTML;CSS;React;Kubernetes;User Research","Web Development","Web Development","M.Tech","2","Onsite","Open","7","Java;Android;Git","Mobile Apps","Mobile Development","Internship","Remote","0","Open","0","0","3","0","0","1","0","1","0"
"90","HTML;CSS;React;Kubernetes;User Research","Web Development","Web Development","M.Tech","2","Onsite","Open","8","Figma;User Research","Design","Design","Full-time","Onsite","1","Open","50","1","1","0","0","1","1","1","2"
"90","HTML;CSS;React;Kubernetes;User Research","Web Development","Web Development","M.Tech","2","Onsite","Open","9","Docker;Kubernetes;CI/CD","Infrastructure","DevOps","Full-time","Remote","2","Open","33","1","2","0","0","1","0","1","1"
"90","HTML;CSS;React;Kubernetes;User Research","Web Development","Web Development","M.Tech","2","Onsite","Open","10","Communication;Agile","Product","Product Management","Internship","Onsite","0","Open","0","0","2","0","0","1","1","1","0"
"68","Python;TensorFlow;Data Science","Web Development","AI","M.Tech","1","Remote","Open","1","HTML;CSS;JavaScript;React","Web Development","Web Development","Internship","Remote","0","Open","0","0","4","1","0","1","1","1","0"
"68","Python;TensorFlow;Data Science","Web Development","AI","M.Tech","1","Remote","Open","2","HTML;CSS;JavaScript;Vue.js","Web Development","Web Development","Full-time","Onsite","1","Open","0","0","4","1","0","1","0","1","0"
"68","Python;TensorFlow;Data Science","Web Development","AI","M.Tech","1","Remote","Open","3","SQL;Excel;Python","Data Analysis","Data Science","Internship","Remote","0","Open","33","1","2","0","0","1","1","1","1"
"68","Python;TensorFlow;Data Science","Web Development","AI","M.Tech","1","Remote","Open","4","Python;TensorFlow;Data Science","Machine Learning","AI","Full-time","Onsite","2","Open","100","3","0","0","1","1","0","0","2"
"68","Python;TensorFlow;Data Science","Web Development","AI","M.Tech","1","Remote","Open","5","Node.js;Express;JavaScript","Backend Development","Backend Development","Internship","Remote","0","Open","0","0","3","0","0","1","1","1","0"
"68","Python;TensorFlow;Data Science","Web Development","AI","M.Tech","1","Remote","Open","6","HTML;CSS;JavaScript;React;Node.js","Web Development","Web Development","Full-time","Remote","1","Open","0","0","5","1","0","1","1","1","0"
"68","Python;TensorFlow;Data Science","Web Development","AI","M.Tech","1","Remote","Open","7","Java;Android;Git","Mobile Apps","Mobile Development","Internship","Remote","0","Open","0","0","3","0","0","1","1","1","0"
"68","Python;TensorFlow;Data Science","Web Development","AI","M.Tech","1","Remote","Open","8","Figma;User Research","Design","Design","Full-time","Onsite","1","Open","0","0","2","0","0","1","0","1","0"
"68","Python;TensorFlow;Data Science","Web Development","AI","M.Tech","1","Remote","Open","9","Docker;Kubernetes;CI/CD","Infrastructure","DevOps","Full-time","Remote","2","Open","0","0","3","0","0","1","1","0","0"
"68","Python;TensorFlow;Data Science","Web Development","AI","M.Tech","1","Remote","Open","10","Communication;Agile","Product","Product Management","Internship","Onsite","0","Open","0","0","2","0","0","1","0","1","0"
"64","Communication","Mobile Apps","Product Management","M.Sc","0","Remote","Open","1","HTML;CSS;JavaScript;React","Web Development","Web Development","Internship","Remote","0","Open","0","0","4","0","0","1","1","1","0"
"64","Communication","Mobile Apps","Product Management","M.Sc","0","Remote","Open","2","HTML;CSS;JavaScript;Vue.js","Web Development","Web Development","Full-time","Onsite","1","Open","0","0","4","0","0","1","0","0","0"
"64","Communication","Mobile Apps","Product Management","M.Sc","0","Remote","Open","3","SQL;Excel;Python","Data Analysis","Data Science","Internship","Remote","0","Open","0","0","3","0","0","1","1","1","0"
"64","Communication","Mobile Apps","Product Management","M.Sc","0","Remote","Open","4","Python;TensorFlow;Data Science","Machine Learning","AI","Full-time","Onsite","2","Open","0","0","3","0","0","1","0","0","0"
"64","Communication","Mobile Apps","Product Management","M.Sc","0","Remote","Open","5","Node.js;Express;JavaScript","Backend Development","Backend Development","Internship","Remote","0","Open","0","0","3","0","0","1","1","1","0"
"64","Communication","Mobile Apps","Product Management","M.Sc","0","Remote","Open","6","HTML;CSS;JavaScript;React;Node.js","Web Development","Web Development","Full-time","Remote","1","Open","0","0","5","0","0","1","1","0","0"
"64","Communication","Mobile Apps","Product Management","M.Sc","0","Remote","Open","7","Java;Android;Git","Mobile Apps","Mobile Development","Internship","Remote","0","Open","0","0","3","1","0","1","1","1","0"
"64","Communication","Mobile Apps","Product Management","M.Sc","0","Remote","Open","8","Figma;User Research","Design","Design","Full-time","Onsite","1","Open","0","0","2","0","0","1","0","0","0"
"64","Communication","Mobile Apps","Product Management","M.Sc","0","Remote","Open","9","Docker;Kubernetes;CI/CD","Infrastructure","DevOps","Full-time","Remote","2","Open","0","0","3","0","0","1","1","0","0"
"64","Communication","Mobile Apps","Product Management","M.Sc","0","Remote","Open","10","Communication;Agile","Product","Product Management","Internship","Onsite","0","Open","50","1","1","0","1","1","0","1","2"
"24","Agile","Product","Product Management","B.Tech","2","Onsite","Restricted","1","HTML;CSS;JavaScript;React","Web Development","Web Development","Internship","Remote","0","Open","0","0","4","0","0","1","0","1","0"
"24","Agile","Product","Product Management","B.Tech","2","Onsite","Restricted","2","HTML;CSS;JavaScript;Vue.js","Web Development","Web Development","Full-time","Onsite","1","Open","0","0","4","0","0","1","1","1","0"
"24","Agile","Product","Product Management","B.Tech","2","Onsite","Restricted","3","SQL;Excel;Python","Data Analysis","Data Science","Internship","Remote","0","Open","0","0","3","0","0","1","0","1","0"
"24","Agile","Product","Product Management","B.Tech","2","Onsite","Restricted","4","Python;TensorFlow;Data Science","Machine Learning","AI","Full-time","Onsite","2","Open","0","0","3","0","0","1","1","1","0"
"24","Agile","Product","Product Management","B.Tech","2","Onsite","Restricted","5","Node.js;Express;JavaScript","Backend Development","Backend Development","Internship","Remote","0","Open","0","0","3","0","0","1","0","1","0"
"24","Agile","Product","Product Management","B.Tech","2","Onsite","Restricted","6","HTML;CSS;JavaScript;React;Node.js","Web Development","Web Development","Full-time","Remote","1","Open","0","0","5","0","0","1","0","1","0"
"24","Agile","Product","Product Management","B.Tech","2","Onsite","Restricted","7","Java;Android;Git","Mobile Apps","Mobile Development","Internship","Remote","0","Open","0","0","3","0","0","1","0","1","0"
"24","Agile","Product","Product Management","B.Tech","2","Onsite","Restricted","8","Figma;User Research","Design","Design","Full-time","Onsite","1","Open","0","0","2","0","0","1","1","1","0"
"24","Agile","Product","Product Management","B.Tech","2","Onsite","Restricted","9","Docker;Kubernetes;CI/CD","Infrastructure","DevOps","Full-time","Remote","2","Open","0","0","3","0","0","1","0","1","0"
"24","Agile","Product","Product Management","B.Tech","2","Onsite","Restricted","10","Communication;Agile","Product","Product Management","Internship","Onsite","0","Open","50","1","1","1","1","1","1","1","2"
"57","Node.js;JavaScript;Kubernetes;HTML;Git","Backend Development","Backend Development","BS Computer Science","4","Remote","Restricted","1","HTML;CSS;JavaScript;React","Web Development","Web Development","Internship","Remote","0","Open","50","2","2","0","0","1","1","1","2"
"57","Node.js;JavaScript;Kubernetes;HTML;Git","Backend Development","Backend Development","BS Computer Science","4","Remote","Restricted","2","HTML;CSS;JavaScript;Vue.js","Web Development","Web Development","Full-time","Onsite","1","Open","50","2","2","0","0","1","0","1","2"
"57","Node.js;JavaScript;Kubernetes;HTML;Git","Backend Development","Backend Development","BS Computer Science","4","Remote","Restricted","3","SQL;Excel;Python","Data Analysis","Data Science","Internship","Remote","0","Open","0","0","3","0","0","1","1","1","0"
"57","Node.js;JavaScript;Kubernetes;HTML;Git","Backend Development","Backend Development","BS Computer Science","4","Remote","Restricted","4","Python;TensorFlow;Data Science","Machine Learning","AI","Full-time","Onsite","2","Open","0","0","3","0","0","1","0","1","0"
"57","Node.js;JavaScript;Kubernetes;HTML;Git","Backend Development","Backend Development","BS Computer Science","4","Remote","Restricted","5","Node.js;Express;JavaScript","Backend Development","Backend Development","Internship","Remote","0","Open","67","2","1","1","1","1","1","1","3"
"57","Node.js;JavaScript;Kubernetes;HTML;Git","Backend Development","Backend Development","BS Computer Science","4","Remote","Restricted","6","HTML;CSS;JavaScript;React;Node.js","Web Development","Web Development","Full-time","Remote","1","Open","60","3","2","0","0","1","1","1","2"
"57","Node.js;JavaScript;Kubernetes;HTML;Git","Backend Development","Backend Development","BS Computer Science","4","Remote","Restricted","7","Java;Android;Git","Mobile Apps","Mobile Development","Internship","Remote","0","Open","33","1","2","0","0","1","1","1","1"
"57","Node.js;JavaScript;Kubernetes;HTML;Git","Backend Development","Backend Development","BS Computer Science","4","Remote","Restricted","8","Figma;User Research","Design","Design","Full-time","Onsite","1","Open","0","0","2","0","0","1","0","1","0"
"57","Node.js;JavaScript;Kubernetes;HTML;Git","Backend Development","Backend Development","BS Computer Science","4","Remote","Restricted","9","Docker;Kubernetes;CI/CD","Infrastructure","DevOps","Full-time","Remote","2","Open","33","1","2","0","0","1","1","1","1"
"57","Node.js;JavaScript;Kubernetes;HTML;Git","Backend Development","Backend Development","BS Computer Science","4","Remote","Restricted","10","Communication;Agile","Product","Product Management","Internship","Onsite","0","Open","0","0","2","0","0","1","0","1","0"
"29","React;CI/CD;Agile","Product","Product Management","B.Tech","1","Onsite","Restricted","1","HTML;CSS;JavaScript;React","Web Development","Web Development","Internship","Remote","0","Open","25","1","3","0","0","1","0","1","1"
"29","React;CI/CD;Agile","Product","Product Management","B.Tech","1","Onsite","Restricted","2","HTML;CSS;JavaScript;Vue.js","Web Development","Web Development","Full-time","Onsite","1","Open","0","0","4","0","0","1","1","1","0"
"29","React;CI/CD;Agile","Product","Product Management","B.Tech","1","Onsite","Restricted","3","SQL;Excel;Python","Data Analysis","Data Science","Internship","Remote","0","Open","0","0","3","0","0","1","0","1","0"
"29","React;CI/CD;Agile","Product","Product Management","B.Tech","1","Onsite","Restricted","4","Python;TensorFlow;Data Science","Machine Learning","AI","Full-time","Onsite","2","Open","0","0","3","0","0","1","1","0","0"
"29","React;CI/CD;Agile","Product","Product Management","B.Tech","1","Onsite","Restricted","5","Node.js;Express;JavaScript","Backend Development","Backend Development","Internship","Remote","0","Open","0","0","3","0","0","1","0","1","0"
"29","React;CI/CD;Agile","Product","Product Management","B.Tech","1","Onsite","Restricted","6","HTML;CSS;JavaScript;React;Node.js","Web Development","Web Development","Full-time","Remote","1","Open","20","1","4","0","0","1","0","1","1"
"29","React;CI/CD;Agile","Product","Product Management","B.Tech","1","Onsite","Restricted","7","Java;Android;Git","Mobile Apps","Mobile Development","Internship","Remote","0","Open","0","0","3","0","0","1","0","1","0"
"29","React;CI/CD;Agile","Product","Product Management","B.Tech","1","Onsite","Restricted","8","Figma;User Research","Design","Design","Full-time","Onsite","1","Open","0","0","2","0","0","1","1","1","0"
"29","React;CI/CD;Agile","Product","Product Management","B.Tech","1","Onsite","Restricted","9","Docker;Kubernetes;CI/CD","Infrastructure","DevOps","Full-time","Remote","2","Open","33","1","2","0","0","1","0","0","1"
"29","React;CI/CD;Agile","Product","Product Management","B.Tech","1","Onsite","Restricted","10","Communication;Agile","Product","Product Management","Internship","Onsite","0","Open","50","1","1","1","1","1","1","1","2"
"81","SQL;Excel;Python","Data Analysis","Data Science","B.Tech","4","Onsite","Open","1","HTML;CSS;JavaScript;React","Web Development","Web Development","Internship","Remote","0","Open","0","0","4","0","0","1","0","1","0"
"81","SQL;Excel;Python","Data Analysis","Data Science","B.Tech","4","Onsite","Open","2","HTML;CSS;JavaScript;Vue.js","Web Development","Web Development","Full-time","Onsite","1","Open","0","0","4","0","0","1","1","1","0"
"81","SQL;Excel;Python","Data Analysis","Data Science","B.Tech","4","Onsite","Open","3","SQL;Excel;Python","Data Analysis","Data Science","Internship","Remote","0","Open","100","3","0","1","1","1","0","1","4"
"81","SQL;Excel;Python","Data Analysis","Data Science","B.Tech","4","Onsite","Open","4","Python;TensorFlow;Data Science","Machine Learning","AI","Full-time","Onsite","2","Open","33","1","2","0","0","1","1","1","1"
"81","SQL;Excel;Python","Data Analysis","Data Science","B.Tech","4","Onsite","Open","5","Node.js;Express;JavaScript","Backend Development","Backend Development","Internship","Remote","0","Open","0","0","3","0","0","1","0","1","0"
"81","SQL;Excel;Python","Data Analysis","Data Science","B.Tech","4","Onsite","Open","6","HTML;CSS;JavaScript;React;Node.js","Web Development","Web Development","Full-time","Remote","1","Open","0","0","5","0","0","1","0","1","0"
"81","SQL;Excel;Python","Data Analysis","Data Science","B.Tech","4","Onsite","Open","7","Java;Android;Git","Mobile Apps","Mobile Development","Internship","Remote","0","Open","0","0","3","0","0","1","0","1","0"
"81","SQL;Excel;Python","Data Analysis","Data Science","B.Tech","4","Onsite","Open","8","Figma;User Research","Design","Design","Full-time","Onsite","1","Open","0","0","2","0","0","1","1","1","0"
"81","SQL;Excel;Python","Data Analysis","Data Science","B.Tech","4","Onsite","Open","9","Docker;Kubernetes;CI/CD","Infrastructure","DevOps","Full-time","Remote","2","Open","0","0","3","0","0","1","0","1","0"
"81","SQL;Excel;Python","Data Analysis","Data Science","B.Tech","4","Onsite","Open","10","Communication;Agile","Product","Product Management","Internship","Onsite","0","Open","0","0","2","0","0","1","1","1","0"
"48","Python;Data Science","Machine Learning","AI","B.Tech","1","Onsite","Restricted","1","HTML;CSS;JavaScript;React","Web Development","Web Development","Internship","Remote","0","Open","0","0","4","0","0","1","0","1","0"
"48","Python;Data Science","Machine Learning","AI","B.Tech","1","Onsite","Restricted","2","HTML;CSS;JavaScript;Vue.js","Web Development","Web Development","Full-time","Onsite","1","Open","0","0","4","0","0","1","1","1","0"
"48","Python;Data Science","Machine Learning","AI","B.Tech","1","Onsite","Restricted","3","SQL;Excel;Python","Data Analysis","Data Science","Internship","Remote","0","Open","33","1","2","0","0","1","0","1","1"
"48","Python;Data Science","Machine Learning","AI","B.Tech","1","Onsite","Restricted","4","Python;TensorFlow;Data Science","Machine Learning","AI","Full-time","Onsite","2","Open","67","2","1","1","1","1","1","0","3"
"48","Python;Data Science","Machine Learning","AI","B.Tech","1","Onsite","Restricted","5","Node.js;Express;JavaScript","Backend Development","Backend Development","Internship","Remote","0","Open","0","0","3","0","0","1","0","1","0"
"48","Python;Data Science","Machine Learning","AI","B.Tech","1","Onsite","Restricted","6","HTML;CSS;JavaScript;React;Node.js","Web Development","Web Development","Full-time","Remote","1","Open","0","0","5","0","0","1","0","1","0"
"48","Python;Data Science","Machine Learning","AI","B.Tech","1","Onsite","Restricted","7","Java;Android;Git","Mobile Apps","Mobile Development","Internship","Remote","0","Open","0","0","3","0","0","1","0","1","0"
"48","Python;Data Science","Machine Learning","AI","B.Tech","1","Onsite","Restricted","8","Figma;User Research","Design","Design","Full-time","Onsite","1","Open","0","0","2","0","0","1","1","1","0"
"48","Python;Data Science","Machine Learning","AI","B.Tech","1","Onsite","Restricted","9","Docker;Kubernetes;CI/CD","Infrastructure","DevOps","Full-time","Remote","2","Open","0","0","3","0","0","1","0","0","0"
"48","Python;Data Science","Machine Learning","AI","B.Tech","1","Onsite","Restricted","10","Communication;Agile","Product","Product Management","Internship","Onsite","0","Open","0","0","2","0","0","1","1","1","0"
"51","Python;Android;Agile;SQL;Java","Product","Data Science","BS Computer Science","2","Onsite","Restricted","1","HTML;CSS;JavaScript;React","Web Development","Web Development","Internship","Remote","0","Open","0","0","4","0","0","1","0","1","0"
"51","Python;Android;Agile;SQL;Java","Product","Data Science","BS Computer Science","2","Onsite","Restricted","2","HTML;CSS;JavaScript;Vue.js","Web Development","Web Development","Full-time","Onsite","1","Open","0","0","4","0","0","1","1","1","0"
"51","Python;Android;Agile;SQL;Java","Product","Data Science","BS Computer Science","2","Onsite","Restricted","3","SQL;Excel;Python","Data Analysis","Data Science","Internship","Remote","0","Open","67","2","1","0","1","1","0","1","3"
"51","Python;Android;Agile;SQL;Java","Product","Data Science","BS Computer Science","2","Onsite","Restricted","4","Python;TensorFlow;Data Science","Machine Learning","AI","Full-time","Onsite","2","Open","33","1","2","0","0","1","1","1","1"
"51","Python;Android;Agile;SQL;Java","Product","Data Science","BS Computer Science","2","Onsite","Restricted","5","Node.js;Express;JavaScript","Backend Development","Backend Development","Internship","Remote","0","Open","0","0","3","0","0","1","0","1","0"
"51","Python;Android;Agile;SQL;Java","Product","Data Science","BS Computer Science","2","Onsite","Restricted","6","HTML;CSS;JavaScript;React;Node.js","Web Development","Web Development","Full-time","Remote","1","Open","0","0","5","0","0","1","0","1","0"
"51","Python;Android;Agile;SQL;Java","Product","Data Science","BS Computer Science","2","Onsite","Restricted","7","Java;Android;Git","Mobile Apps","Mobile Development","Internship","Remote","0","Open","67","2","1","0","0","1","0","1","2"
"51","Python;Android;Agile;SQL;Java","Product","Data Science","BS Computer Science","2","Onsite","Restricted","8","Figma;User Research","Design","Design","Full-time","Onsite","1","Open","0","0","2","0","0","1","1","1","0"
"51","Python;Android;Agile;SQL;Java","Product","Data Science","BS Computer Science","2","Onsite","Restricted","9","Docker;Kubernetes;CI/CD","Infrastructure","DevOps","Full-time","Remote","2","Open","0","0","3","0","0","1","0","1","0"
"51","Python;Android;Agile;SQL;Java","Product","Data Science","BS Computer Science","2","Onsite","Restricted","10","Communication;Agile","Product","Product Management","Internship","Onsite","0","Open","50","1","1","1","0","1","1","1","2"
"22","SQL;Excel;Python","Product","Data Science","BS Computer Science","1","Onsite","Open","1","HTML;CSS;JavaScript;React","Web Development","Web Development","Internship","Remote","0","Open","0","0","4","0","0","1","0","1","0"
"22","SQL;Excel;Python","Product","Data Science","BS Computer Science","1","Onsite","Open","2","HTML;CSS;JavaScript;Vue.js","Web Development","Web Development","Full-time","Onsite","1","Open","0","0","4","0","0","1","1","1","0"
"22","SQL;Excel;Python","Product","Data Science","BS Computer Science","1","Onsite","Open","3","SQL;Excel;Python","Data Analysis","Data Science","Internship","Remote","0","Open","100","3","0","0","1","1","0","1","3"
"22","SQL;Excel;Python","Product","Data Science","BS Computer Science","1","Onsite","Open","4","Python;TensorFlow;Data Science","Machine Learning","AI","Full-time","Onsite","2","Open","33","1","2","0","0","1","1","0","1"
"22","SQL;Excel;Python","Product","Data Science","BS Computer Science","1","Onsite","Open","5","Node.js;Express;JavaScript","Backend Development","Backend Development","Internship","Remote","0","Open","0","0","3","0","0","1","0","1","0"
"22","SQL;Excel;Python","Product","Data Science","BS Computer Science","1","Onsite","Open","6","HTML;CSS;JavaScript;React;Node.js","Web Development","Web Development","Full-time","Remote","1","Open","0","0","5","0","0","1","0","1","0"
"22","SQL;Excel;Python","Product","Data Science","BS Computer Science","1","Onsite","Open","7","Java;Android;Git","Mobile Apps","Mobile Development","Internship","Remote","0","Open","0","0","3","0","0","1","0","1","0"
"22","SQL;Excel;Python","Product","Data Science","BS Computer Science","1","Onsite","Open","8","Figma;User Research","Design","Design","Full-time","Onsite","1","Open","0","0","2","0","0","1","1","1","0"
"22","SQL;Excel;Python","Product","Data Science","BS Computer Science","1","Onsite","Open","9","Docker;Kubernetes;CI/CD","Infrastructure","DevOps","Full-time","Remote","2","Open","0","0","3","0","0","1","0","0","0"
"22","SQL;Excel;Python","Product","Data Science","BS Computer Science","1","Onsite","Open","10","Communication;Agile","Product","Product Management","Internship","Onsite","0","Open","0","0","2","1","0","1","1","1","0"
"117","Python;TensorFlow;Data Science;Figma;Kubernetes;Excel","Machine Learning","AI","BS Computer Science","3","Remote","Restricted","1","HTML;CSS;JavaScript;React","Web Development","Web Development","Internship","Remote","0","Open","0","0","4","0","0","1","1","1","0"
"117","Python;TensorFlow;Data Science;Figma;Kubernetes;Excel","Machine Learning","AI","BS Computer Science","3","Remote","Restricted","2","HTML;CSS;JavaScript;Vue.js","Web Development","Web Development","Full-time","Onsite","1","Open","0","0","4","0","0","1","0","1","0"
"117","Python;TensorFlow;Data Science;Figma;Kubernetes;Excel","Machine Learning","AI","BS Computer Science","3","Remote","Restricted","3","SQL;Excel;Python","Data Analysis","Data Science","Internship","Remote","0","Open","67","2","1","0","0","1","1","1","2"
"117","Python;TensorFlow;Data Science;Figma;Kubernetes;Excel","Machine Learning","AI","BS Computer Science","3","Remote","Restricted","4","Python;TensorFlow;Data Science","Machine Learning","AI","Full-time","Onsite","2","Open","100","3","0","1","1","1","0","1","4"
"117","Python;TensorFlow;Data Science;Figma;Kubernetes;Excel","Machine Learning","AI","BS Computer Science","3","Remote","Restricted","5","Node.js;Express;JavaScript","Backend Development","Backend Development","Internship","Remote","0","Open","0","0","3","0","0","1","1","1","0"
"117","Python;TensorFlow;Data Science;Figma;Kubernetes;Excel","Machine Learning","AI","BS Computer Science","3","Remote","Restricted","6","HTML;CSS;JavaScript;React;Node.js","Web Development","Web Development","Full-time","Remote","1","Open","0","0","5","0","0","1","1","1","0"
"117","Python;TensorFlow;Data Science;Figma;Kubernetes;Excel","Machine Learning","AI","BS Computer Science","3","Remote","Restricted","7","Java;Android;Git","Mobile Apps","Mobile Development","Internship","Remote","0","Open","0","0","3","0","0","1","1","1","0"
"117","Python;TensorFlow;Data Science;Figma;Kubernetes;Excel","Machine Learning","AI","BS Computer Science","3","Remote","Restricted","8","Figma;User Research","Design","Design","Full-time","Onsite","1","Open","50","1","1","0","0","1","0","1","2"
"117","Python;TensorFlow;Data Science;Figma;Kubernetes;Excel","Machine Learning","AI","BS Computer Science","3","Remote","Restricted","9","Docker;Kubernetes;CI/CD","Infrastructure","DevOps","Full-time","Remote","2","Open","33","1","2","0","0","1","1","1","1"
"117","Python;TensorFlow;Data Science;Figma;Kubernetes;Excel","Machine Learning","AI","BS Computer Science","3","Remote","Restricted","10","Communication;Agile","Product","Product Management","Internship","Onsite","0","Open","0","0","2","0","0","1","0","1","0"
"112","SQL;Excel;Python;Git","Data Analysis","Data Science","M.Sc","4","Remote","Open","1","HTML;CSS;JavaScript;React","Web Development","Web Development","Internship","Remote","0","Open","0","0","4","0","0","1","1","1","0"
"112","SQL;Excel;Python;Git","Data Analysis","Data Science","M.Sc","4","Remote","Open","2","HTML;CSS;JavaScript;Vue.js","Web Development","Web Development","Full-time","Onsite","1","Open","0","0","4","0","0","1","0","1","0"
"112","SQL;Excel;Python;Git","Data Analysis","Data Science","M.Sc","4","Remote","Open","3","SQL;Excel;Python","Data Analysis","Data Science","Internship","Remote","0","Open","100","3","0","1","1","1","1","1","4"
"112","SQL;Excel;Python;Git","Data Analysis","Data Science","M.Sc","4","Remote","Open","4","Python;TensorFlow;Data Science","Machine Learning","AI","Full-time","Onsite","2","Open","33","1","2","0","0","1","0","1","1"
"112","SQL;Excel;Python;Git","Data Analysis","Data Science","M.Sc","4","Remote","Open","5","Node.js;Express;JavaScript","Backend Development","Backend Development","Internship","Remote","0","Open","0","0","3","0","0","1","1","1","0"
"112","SQL;Excel;Python;Git","Data Analysis","Data Science","M.Sc","4","Remote","Open","6","HTML;CSS;JavaScript;React;Node.js","Web Development","Web Development","Full-time","Remote","1","Open","0","0","5","0","0","1","1","1","0"
"112","SQL;Excel;Python;Git","Data Analysis","Data Science","M.Sc","4","Remote","Open","7","Java;Android;Git","Mobile Apps","Mobile Development","Internship","Remote","0","Open","33","1","2","0","0","1","1","1","1"
"112","SQL;Excel;Python;Git","Data Analysis","Data Science","M.Sc","4","Remote","Open","8","Figma;User Research","Design","Design","Full-time","Onsite","1","Open","0","0","2","0","0","1","0","1","0"
"112","SQL;Excel;Python;Git","Data Analysis","Data Science","M.Sc","4","Remote","Open","9","Docker;Kubernetes;CI/CD","Infrastructure","DevOps","Full-time","Remote","2","Open","0","0","3","0","0","1","1","1","0"
"112","SQL;Excel;Python;Git","Data Analysis","Data Science","M.Sc","4","Remote","Open","10","Communication;Agile","Product","Product Management","Internship","Onsite","0","Open","0","0","2","0","0","1","0","1","0"
"36","Java;Android;Python","Data Analysis","Mobile Development","M.Tech","0","Onsite","Restricted","1","HTML;CSS;JavaScript;React","Web Development","Web Development","Internship","Remote","0","Open","0","0","4","0","0","1","0","1","0"
"36","Java;Android;Python","Data Analysis","Mobile Development","M.Tech","0","Onsite","Restricted","2","HTML;CSS;JavaScript;Vue.js","Web Development","Web Development","Full-time","Onsite","1","Open","0","0","4","0","0","1","1","0","0"
"36","Java;Android;Python","Data Analysis","Mobile Development","M.Tech","0","Onsite","Restricted","3","SQL;Excel;Python","Data Analysis","Data Science","Internship","Remote","0","Open","33","1","2","1","0","1","0","1","1"
"36","Java;Android;Python","Data Analysis","Mobile Development","M.Tech","0","Onsite","Restricted","4","Python;TensorFlow;Data Science","Machine Learning","AI","Full-time","Onsite","2","Open","33","1","2","0","0","1","1","0","1"
"36","Java;Android;Python","Data Analysis","Mobile Development","M.Tech","0","Onsite","Restricted","5","Node.js;Express;JavaScript","Backend Development","Backend Development","Internship","Remote","0","Open","0","0","3","0","0","1","0","1","0"
"36","Java;Android;Python","Data Analysis","Mobile Development","M.Tech","0","Onsite","Restricted","6","HTML;CSS;JavaScript;React;Node.js","Web Development","Web Development","Full-time","Remote","1","Open","0","0","5","0","0","1","0","0","0"
"36","Java;Android;Python","Data Analysis","Mobile Development","M.Tech","0","Onsite","Restricted","7","Java;Android;Git","Mobile Apps","Mobile Development","Internship","Remote","0","Open","67","2","1","0","1","1","0","1","3"
"36","Java;Android;Python","Data Analysis","Mobile Development","M.Tech","0","Onsite","Restricted","8","Figma;User Research","Design","Design","Full-time","Onsite","1","Open","0","0","2","0","0","1","1","0","0"
"36","Java;Android;Python","Data Analysis","Mobile Development","M.Tech","0","Onsite","Restricted","9","Docker;Kubernetes;CI/CD","Infrastructure","DevOps","Full-time","Remote","2","Open","0","0","3","0","0","1","0","0","0"
"36","Java;Android;Python","Data Analysis","Mobile Development","M.Tech","0","Onsite","Restricted","10","Communication;Agile","Product","Product Management","Internship","Onsite","0","Open","0","0","2","0","0","1","1","1","0"
"130","Communication;Agile;Git;JavaScript","Product","Product Management","BS Computer Science","0","Onsite","Open","1","HTML;CSS;JavaScript;React","Web Development","Web Development","Internship","Remote","0","Open","25","1","3","0","0","1","0","1","1"
"130","Communication;Agile;Git;JavaScript","Product","Product Management","BS Computer Science","0","Onsite","Open","2","HTML;CSS;JavaScript;Vue.js","Web Development","Web Development","Full-time","Onsite","1","Open","25","1","3","0","0","1","1","0","1"
"130","Communication;Agile;Git;JavaScript","Product","Product Management","BS Computer Science","0","Onsite","Open","3","SQL;Excel;Python","Data Analysis","Data Science","Internship","Remote","0","Open","0","0","3","0","0","1","0","1","0"
"130","Communication;Agile;Git;JavaScript","Product","Product Management","BS Computer Science","0","Onsite","Open","4","Python;TensorFlow;Data Science","Machine Learning","AI","Full-time","Onsite","2","Open","0","0","3","0","0","1","1","0","0"
"130","Communication;Agile;Git;JavaScript","Product","Product Management","BS Computer Science","0","Onsite","Open","5","Node.js;Express;JavaScript","Backend Development","Backend Development","Internship","Remote","0","Open","33","1","2","0","0","1","0","1","1"
"130","Communication;Agile;Git;JavaScript","Product","Product Management","BS Computer Science","0","Onsite","Open","6","HTML;CSS;JavaScript;React;Node.js","Web Development","Web Development","Full-time","Remote","1","Open","20","1","4","0","0","1","0","0","1"
"130","Communication;Agile;Git;JavaScript","Product","Product Management","BS Computer Science","0","Onsite","Open","7","Java;Android;Git","Mobile Apps","Mobile Development","Internship","Remote","0","Open","33","1","2","0","0","1","0","1","1"
"130","Communication;Agile;Git;JavaScript","Product","Product Management","BS Computer Science","0","Onsite","Open","8","Figma;User Research","Design","Design","Full-time","Onsite","1","Open","0","0","2","0","0","1","1","0","0"
"130","Communication;Agile;Git;JavaScript","Product","Product Management","BS Computer Science","0","Onsite","Open","9","Docker;Kubernetes;CI/CD","Infrastructure","DevOps","Full-time","Remote","2","Open","0","0","3","0","0","1","0","0","0"
"130","Communication;Agile;Git;JavaScript","Product","Product Management","BS Computer Science","0","Onsite","Open","10","Communication;Agile","Product","Product Management","Internship","Onsite","0","Open","100","2","0","1","1","1","1","1","4"
"61","SQL;Excel;Python;Docker;Agile;TensorFlow","Data Analysis","Data Science","BS Computer Science","1","Onsite","Open","1","HTML;CSS;JavaScript;React","Web Development","Web Development","Internship","Remote","0","Open","0","0","4","0","0","1","0","1","0"
"61","SQL;Excel;Python;Docker;Agile;TensorFlow","Data Analysis","Data Science","BS Computer Science","1","Onsite","Open","2","HTML;CSS;JavaScript;Vue.js","Web Development","Web Development","Full-time","Onsite","1","Open","0","0","4","0","0","1","1","1","0"
"61","SQL;Excel;Python;Docker;Agile;TensorFlow","Data Analysis","Data Science","BS Computer Science","1","Onsite","Open","3","SQL;Excel;Python","Data Analysis","Data Science","Internship","Remote","0","Open","100","3","0","1","1","1","0","1","4"
"61","SQL;Excel;Python;Docker;Agile;TensorFlow","Data Analysis","Data Science","BS Computer Science","1","Onsite","Open","4","Python;TensorFlow;Data Science","Machine Learning","AI","Full-time","Onsite","2","Open","67","2","1","0","0","1","1","0","2"
"61","SQL;Excel;Python;Docker;Agile;TensorFlow","Data Analysis","Data Science","BS Computer Science","1","Onsite","Open","5","Node.js;Express;JavaScript","Backend Development","Backend Development","Internship","Remote","0","Open","0","0","3","0","0","1","0","1","0"
"61","SQL;Excel;Python;Docker;Agile;TensorFlow","Data Analysis","Data Science","BS Computer Science","1","Onsite","Open","6","HTML;CSS;JavaScript;React;Node.js","Web Development","Web Development","Full-time","Remote","1","Open","0","0","5","0","0","1","0","1","0"
"61","SQL;Excel;Python;Docker;Agile;TensorFlow","Data Analysis","Data Science","BS Computer Science","1","Onsite","Open","7","Java;Android;Git","Mobile Apps","Mobile Development","Internship","Remote","0","Open","0","0","3","0","0","1","0","1","0"
"61","SQL;Excel;Python;Docker;Agile;TensorFlow","Data Analysis","Data Science","BS Computer Science","1","Onsite","Open","8","Figma;User Research","Design","Design","Full-time","Onsite","1","Open","0","0","2","0","0","1","1","1","0"
"61","SQL;Excel;Python;Docker;Agile;TensorFlow","Data Analysis","Data Science","BS Computer Science","1","Onsite","Open","9","Docker;Kubernetes;CI/CD","Infrastructure","DevOps","Full-time","Remote","2","Open","33","1","2","0","0","1","0","0","1"
"61","SQL;Excel;Python;Docker;Agile;TensorFlow","Data Analysis","Data Science","BS Computer Science","1","Onsite","Open","10","Communication;Agile","Product","Product Management","Internship","Onsite","0","Open","50","1","1","0","0","1","1","1","2"
"47","Java;Git;Python;Kubernetes","Mobile Apps","Mobile Development","M.Sc","4","Onsite","Open","1","HTML;CSS;JavaScript;React","Web Development","Web Development","Internship","Remote","0","Open","0","0","4","0","0","1","0","1","0"
"47","Java;Git;Python;Kubernetes","Mobile Apps","Mobile Development","M.Sc","4","Onsite","Open","2","HTML;CSS;JavaScript;Vue.js","Web Development","Web Development","Full-time","Onsite","1","Open","0","0","4","0","0","1","1","1","0"
"47","Java;Git;Python;Kubernetes","Mobile Apps","Mobile Development","M.Sc","4","Onsite","Open","3","SQL;Excel;Python","Data Analysis","Data Science","Internship","Remote","0","Open","33","1","2","0","0","1","0","1","1"
"47","Java;Git;Python;Kubernetes","Mobile Apps","Mobile Development","M.Sc","4","Onsite","Open","4","Python;TensorFlow;Data Science","Machine Learning","AI","Full-time","Onsite","2","Open","33","1","2","0","0","1","1","1","1"
"47","Java;Git;Python;Kubernetes","Mobile Apps","Mobile Development","M.Sc","4","Onsite","Open","5","Node.js;Express;JavaScript","Backend Development","Backend Development","Internship","Remote","0","Open","0","0","3","0","0","1","0","1","0"
"47","Java;Git;Python;Kubernetes","Mobile Apps","Mobile Development","M.Sc","4","Onsite","Open","6","HTML;CSS;JavaScript;React;Node.js","Web Development","Web Development","Full-time","Remote","1","Open","0","0","5","0","0","1","0","1","0"
"47","Java;Git;Python;Kubernetes","Mobile Apps","Mobile Development","M.Sc","4","Onsite","Open","7","Java;Android;Git","Mobile Apps","Mobile Development","Internship","Remote","0","Open","67","2","1","1","1","1","0","1","3"
"47","Java;Git;Python;Kubernetes","Mobile Apps","Mobile Development","M.Sc","4","Onsite","Open","8","Figma;User Research","Design","Design","Full-time","Onsite","1","Open","0","0","2","0","0","1","1","1","0"
"47","Java;Git;Python;Kubernetes","Mobile Apps","Mobile Development","M.Sc","4","Onsite","Open","9","Docker;Kubernetes;CI/CD","Infrastructure","DevOps","Full-time","Remote","2","Open","33","1","2","0","0","1","0","1","1"
"47","Java;Git;Python;Kubernetes","Mobile Apps","Mobile Development","M.Sc","4","Onsite","Open","10","Communication;Agile","Product","Product Management","Internship","Onsite","0","Open","0","0","2","0","0","1","1","1","0"
"9","SQL;Excel;Python","Data Analysis","Data Science","BS Computer Science","0","Remote","Restricted","1","HTML;CSS;JavaScript;React","Web Development","Web Development","Internship","Remote","0","Open","0","0","4","0","0","1","1","1","0"
"9","SQL;Excel;Python","Data Analysis","Data Science","BS Computer Science","0","Remote","Restricted","2","HTML;CSS;JavaScript;Vue.js","Web Development","Web Development","Full-time","Onsite","1","Open","0","0","4","0","0","1","0","0","0"
"9","SQL;Excel;Python","Data Analysis","Data Science","BS Computer Science","0","Remote","Restricted","3","SQL;Excel;Python","Data Analysis","Data Science","Internship","Remote","0","Open","100","3","0","1","1","1","1","1","4"
"9","SQL;Excel;Python","Data Analysis","Data Science","BS Computer Science","0","Remote","Restricted","4","Python;TensorFlow;Data Science","Machine Learning","AI","Full-time","Onsite","2","Open","33","1","2","0","0","1","0","0","1"
"9","SQL;Excel;Python","Data Analysis","Data Science","BS Computer Science","0","Remote","Restricted","5","Node.js;Express;JavaScript","Backend Development","Backend Development","Internship","Remote","0","Open","0","0","3","0","0","1","1","1","0"
"9","SQL;Excel;Python","Data Analysis","Data Science","BS Computer Science","0","Remote","Restricted","6","HTML;CSS;JavaScript;React;Node.js","Web Development","Web Development","Full-time","Remote","1","Open","0","0","5","0","0","1","1","0","0"
"9","SQL;Excel;Python","Data Analysis","Data Science","BS Computer Science","0","Remote","Restricted","7","Java;Android;Git","Mobile Apps","Mobile Development","Internship","Remote","0","Open","0","0","3","0","0","1","1","1","0"
"9","SQL;Excel;Python","Data Analysis","Data Science","BS Computer Science","0","Remote","Restricted","8","Figma;User Research","Design","Design","Full-time","Onsite","1","Open","0","0","2","0","0","1","0","0","0"
"9","SQL;Excel;Python","Data Analysis","Data Science","BS Computer Science","0","Remote","Restricted","9","Docker;Kubernetes;CI/CD","Infrastructure","DevOps","Full-time","Remote","2","Open","0","0","3","0","0","1","1","0","0"
"9","SQL;Excel;Python","Data Analysis","Data Science","BS Computer Science","0","Remote","Restricted","10","Communication;Agile","Product","Product Management","Internship","Onsite","0","Open","0","0","2","0","0","1","0","1","0"
"78","Node.js;Express;JavaScript;Kubernetes;Excel","Backend Development","Backend Development","B.Tech","0","Onsite","Restricted","1","HTML;CSS;JavaScript;React","Web Development","Web Development","Internship","Remote","0","Open","25","1","3","0","0","1","0","1","1"
"78","Node.js;Express;JavaScript;Kubernetes;Excel","Backend Development","Backend Development","B.Tech","0","Onsite","Restricted","2","HTML;CSS;JavaScript;Vue.js","Web Development","Web Development","Full-time","Onsite","1","Open","25","1","3","0","0","1","1","0","1"
"78","Node.js;Express;JavaScript;Kubernetes;Excel","Backend Development","Backend Development","B.Tech","0","Onsite","Restricted","3","SQL;Excel;Python","Data Analysis","Data Science","Internship","Remote","0","Open","33","1","2","0","0","1","0","1","1"
"78","Node.js;Express;JavaScript;Kubernetes;Excel","Backend Development","Backend Development","B.Tech","0","Onsite","Restricted","4","Python;TensorFlow;Data Science","Machine Learning","AI","Full-time","Onsite","2","Open","0","0","3","0","0","1","1","0","0"
"78","Node.js;Express;JavaScript;Kubernetes;Excel","Backend Development","Backend Development","B.Tech","0","Onsite","Restricted","5","Node.js;Express;JavaScript","Backend Development","Backend Development","Internship","Remote","0","Open","100","3","0","1","1","1","0","1","4"
"78","Node.js;Express;JavaScript;Kubernetes;Excel","Backend Development","Backend Development","B.Tech","0","Onsite","Restricted","6","HTML;CSS;JavaScript;React;Node.js","Web Development","Web Development","Full-time","Remote","1","Open","40","2","3","0","0","1","0","0","2"
"78","Node.js;Express;JavaScript;Kubernetes;Excel","Backend Development","Backend Development","B.Tech","0","Onsite","Restricted","7","Java;Android;Git","Mobile Apps","Mobile Development","Internship","Remote","0","Open","0","0","3","0","0","1","0","1","0"
"78","Node.js;Express;JavaScript;Kubernetes;Excel","Backend Development","Backend Development","B.Tech","0","Onsite","Restricted","8","Figma;User Research","Design","Design","Full-time","Onsite","1","Open","0","0","2","0","0","1","1","0","0"
"78","Node.js;Express;JavaScript;Kubernetes;Excel","Backend Development","Backend Development","B.Tech","0","Onsite","Restricted","9","Docker;Kubernetes;CI/CD","Infrastructure","DevOps","Full-time","Remote","2","Open","33","1","2","0","0","1","0","0","1"
"78","Node.js;Express;JavaScript;Kubernetes;Excel","Backend Development","Backend Development","B.Tech","0","Onsite","Restricted","10","Communication;Agile","Product","Product Management","Internship","Onsite","0","Open","0","0","2","0","0","1","1","1","0"
"4","HTML;CSS;JavaScript;React;Python","Web Development","Web Development","M.Tech","0","Onsite","Restricted","1","HTML;CSS;JavaScript;React","Web Development","Web Development","Internship","Remote","0","Open","100","4","0","1","1","1","0","1","4"
"4","HTML;CSS;JavaScript;React;Python","Web Development","Web Development","M.Tech","0","Onsite","Restricted","2","HTML;CSS;JavaScript;Vue.js","Web Development","Web Development","Full-time","Onsite","1","Open","75","3","1","1","1","1","1","0","3"
"4","HTML;CSS;JavaScript;React;Python","Web Development","Web Development","M.Tech","0","Onsite","Restricted","3","SQL;Excel;Python","Data Analysis","Data Science","Internship","Remote","0","Open","33","1","2","0","0","1","0","1","1"
"4","HTML;CSS;JavaScript;React;Python","Web Development","Web Development","M.Tech","0","Onsite","Restricted","4","Python;TensorFlow;Data Science","Machine Learning","AI","Full-time","Onsite","2","Open","33","1","2","0","0","1","1","0","1"
"4","HTML;CSS;JavaScript;React;Python","Web Development","Web Development","M.Tech","0","Onsite","Restricted","5","Node.js;Express;JavaScript","Backend Development","Backend Development","Internship","Remote","0","Open","33","1","2","0","0","1","0","1","1"
"4","HTML;CSS;JavaScript;React;Python","Web Development","Web Development","M.Tech","0","Onsite","Restricted","6","HTML;CSS;JavaScript;React;Node.js","Web Development","Web Development","Full-time","Remote","1","Open","80","4","1","1","1","1","0","0","3"
"4","HTML;CSS;JavaScript;React;Python","Web Development","Web Development","M.Tech","0","Onsite","Restricted","7","Java;Android;Git","Mobile Apps","Mobile Development","Internship","Remote","0","Open","0","0","3","0","0","1","0","1","0"
"4","HTML;CSS;JavaScript;React;Python","Web Development","Web Development","M.Tech","0","Onsite","Restricted","8","Figma;User Research","Design","Design","Full-time","Onsite","1","Open","0","0","2","0","0","1","1","0","0"
"4","HTML;CSS;JavaScript;React;Python","Web Development","Web Development","M.Tech","0","Onsite","Restricted","9","Docker;Kubernetes;CI/CD","Infrastructure","DevOps","Full-time","Remote","2","Open","0","0","3","0","0","1","0","0","0"
"4","HTML;CSS;JavaScript;React;Python","Web Development","Web Development","M.Tech","0","Onsite","Restricted","10","Communication;Agile","Product","Product Management","Internship","Onsite","0","Open","0","0","2","0","0","1","1","1","0"
"10","Figma;Vue.js;Excel;CI/CD;Data Science","Design","Design","M.Tech","0","Onsite","Restricted","1","HTML;CSS;JavaScript;React","Web Development","Web Development","Internship","Remote","0","Open","0","0","4","0","0","1","0","1","0"
"10","Figma;Vue.js;Excel;CI/CD;Data Science","Design","Design","M.Tech","0","Onsite","Restricted","2","HTML;CSS;JavaScript;Vue.js","Web Development","Web Development","Full-time","Onsite","1","Open","25","1","3","0","0","1","1","0","1"
"10","Figma;Vue.js;Excel;CI/CD;Data Science","Design","Design","M.Tech","0","Onsite","Restricted","3","SQL;Excel;Python","Data Analysis","Data Science","Internship","Remote","0","Open","33","1","2","0","0","1","0","1","1"
"10","Figma;Vue.js;Excel;CI/CD;Data Science","Design","Design","M.Tech","0","Onsite","Restricted","4","Python;TensorFlow;Data Science","Machine Learning","AI","Full-time","Onsite","2","Open","33","1","2","0","0","1","1","0","1"
"10","Figma;Vue.js;Excel;CI/CD;Data Science","Design","Design","M.Tech","0","Onsite","Restricted","5","Node.js;Express;JavaScript","Backend Development","Backend Development","Internship","Remote","0","Open","0","0","3","0","0","1","0","1","0"
"10","Figma;Vue.js;Excel;CI/CD;Data Science","Design","Design","M.Tech","0","Onsite","Restricted","6","HTML;CSS;JavaScript;React;Node.js","Web Development","Web Development","Full-time","Remote","1","Open","0","0","5","0","0","1","0","0","0"
"10","Figma;Vue.js;Excel;CI/CD;Data Science","Design","Design","M.Tech","0","Onsite","Restricted","7","Java;Android;Git","Mobile Apps","Mobile Development","Internship","Remote","0","Open","0","0","3","0","0","1","0","1","0"
"10","Figma;Vue.js;Excel;CI/CD;Data Science","Design","Design","M.Tech","0","Onsite","Restricted","8","Figma;User Research","Design","Design","Full-time","Onsite","1","Open","50","1","1","1","1","1","1","0","2"
"10","Figma;Vue.js;Excel;CI/CD;Data Science","Design","Design","M.Tech","0","Onsite","Restricted","9","Docker;Kubernetes;CI/CD","Infrastructure","DevOps","Full-time","Remote","2","Open","33","1","2","0","0","1","0","0","1"
"10","Figma;Vue.js;Excel;CI/CD;Data Science","Design","Design","M.Tech","0","Onsite","Restricted","10","Communication;Agile","Product","Product Management","Internship","Onsite","0","Open","0","0","2","0","0","1","1","1","0"
"99","SQL;Excel;Python;CI/CD;JavaScript","Data Analysis","Data Science","M.Tech","0","Onsite","Restricted","1","HTML;CSS;JavaScript;React","Web Development","Web Development","Internship","Remote","0","Open","25","1","3","0","0","1","0","1","1"
"99","SQL;Excel;Python;CI/CD;JavaScript","Data Analysis","Data Science","M.Tech","0","Onsite","Restricted","2","HTML;CSS;JavaScript;Vue.js","Web Development","Web Development","Full-time","Onsite","1","Open","25","1","3","0","0","1","1","0","1"
"99","SQL;Excel;Python;CI/CD;JavaScript","Data Analysis","Data Science","M.Tech","0","Onsite","Restricted","3","SQL;Excel;Python","Data Analysis","Data Science","Internship","Remote","0","Open","100","3","0","1","1","1","0","1","4"
"99","SQL;Excel;Python;CI/CD;JavaScript","Data Analysis","Data Science","M.Tech","0","Onsite","Restricted","4","Python;TensorFlow;Data Science","Machine Learning","AI","Full-time","Onsite","2","Open","33","1","2","0","0","1","1","0","1"
"99","SQL;Excel;Python;CI/CD;JavaScript","Data Analysis","Data Science","M.Tech","0","Onsite","Restricted","5","Node.js;Express;JavaScript","Backend Development","Backend Development","Internship","Remote","0","Open","33","1","2","0","0","1","0","1","1"
"99","SQL;Excel;Python;CI/CD;JavaScript","Data Analysis","Data Science","M.Tech","0","Onsite","Restricted","6","HTML;CSS;JavaScript;React;Node.js","Web Development","Web Development","Full-time","Remote","1","Open","20","1","4","0","0","1","0","0","1"
"99","SQL;Excel;Python;CI/CD;JavaScript","Data Analysis","Data Science","M.Tech","0","Onsite","Restricted","7","Java;Android;Git","Mobile Apps","Mobile Development","Internship","Remote","0","Open","0","0","3","0","0","1","0","1","0"
"99","SQL;Excel;Python;CI/CD;JavaScript","Data Analysis","Data Science","M.Tech","0","Onsite","Restricted","8","Figma;User Research","Design","Design","Full-time","Onsite","1","Open","0","0","2","0","0","1","1","0","0"
"99","SQL;Excel;Python;CI/CD;JavaScript","Data Analysis","Data Science","M.Tech","0","Onsite","Restricted","9","Docker;Kubernetes;CI/CD","Infrastructure","DevOps","Full-time","Remote","2","Open","33","1","2","0","0","1","0","0","1"
"99","SQL;Excel;Python;CI/CD;JavaScript","Data Analysis","Data Science","M.Tech","0","Onsite","Restricted","10","Communication;Agile","Product","Product Management","Internship","Onsite","0","Open","0","0","2","0","0","1","1","1","0"
"84","SQL;Excel;Android;CSS;Figma","Data Analysis","Data Science","M.Tech","0","Remote","Restricted","1","HTML;CSS;JavaScript;React","Web Development","Web Development","Internship","Remote","0","Open","25","1","3","0","0","1","1","1","1"
"84","SQL;Excel;Android;CSS;Figma","Data Analysis","Data Science","M.Tech","0","Remote","Restricted","2","HTML;CSS;JavaScript;Vue.js","Web Development","Web Development","Full-time","Onsite","1","Open","25","1","3","0","0","1","0","0","1"
"84","SQL;Excel;Android;CSS;Figma","Data Analysis","Data Science","M.Tech","0","Remote","Restricted","3","SQL;Excel;Python","Data Analysis","Data Science","Internship","Remote","0","Open","67","2","1","1","1","1","1","1","3"
"84","SQL;Excel;Android;CSS;Figma","Data Analysis","Data Science","M.Tech","0","Remote","Restricted","4","Python;TensorFlow;Data Science","Machine Learning","AI","Full-time","Onsite","2","Open","0","0","3","0","0","1","0","0","0"
"84","SQL;Excel;Android;CSS;Figma","Data Analysis","Data Science","M.Tech","0","Remote","Restricted","5","Node.js;Express;JavaScript","Backend Development","Backend Development","Internship","Remote","0","Open","0","0","3","0","0","1","1","1","0"
"84","SQL;Excel;Android;CSS;Figma","Data Analysis","Data Science","M.Tech","0","Remote","Restricted","6","HTML;CSS;JavaScript;React;Node.js","Web Development","Web Development","Full-time","Remote","1","Open","20","1","4","0","0","1","1","0","1"
"84","SQL;Excel;Android;CSS;Figma","Data Analysis","Data Science","M.Tech","0","Remote","Restricted","7","Java;Android;Git","Mobile Apps","Mobile Development","Internship","Remote","0","Open","33","1","2","0","0","1","1","1","1"
"84","SQL;Excel;Android;CSS;Figma","Data Analysis","Data Science","M.Tech","0","Remote","Restricted","8","Figma;User Research","Design","Design","Full-time","Onsite","1","Open","50","1","1","0","0","1","0","0","2"
"84","SQL;Excel;Android;CSS;Figma","Data Analysis","Data Science","M.Tech","0","Remote","Restricted","9","Docker;Kubernetes;CI/CD","Infrastructure","DevOps","Full-time","Remote","2","Open","0","0","3","0","0","1","1","0","0"
"84","SQL;Excel;Android;CSS;Figma","Data Analysis","Data Science","M.Tech","0","Remote","Restricted","10","Communication;Agile","Product","Product Management","Internship","Onsite","0","Open","0","0","2","0","0","1","0","1","0"
"53","Agile","Backend Development","Product Management","B.Tech","0","Onsite","Restricted","1","HTML;CSS;JavaScript;React","Web Development","Web Development","Internship","Remote","0","Open","0","0","4","0","0","1","0","1","0"
"53","Agile","Backend Development","Product Management","B.Tech","0","Onsite","Restricted","2","HTML;CSS;JavaScript;Vue.js","Web Development","Web Development","Full-time","Onsite","1","Open","0","0","4","0","0","1","1","0","0"
"53","Agile","Backend Development","Product Management","B.Tech","0","Onsite","Restricted","3","SQL;Excel;Python","Data Analysis","Data Science","Internship","Remote","0","Open","0","0","3","0","0","1","0","1","0"
"53","Agile","Backend Development","Product Management","B.Tech","0","Onsite","Restricted","4","Python;TensorFlow;Data Science","Machine Learning","AI","Full-time","Onsite","2","Open","0","0","3","0","0","1","1","0","0"
"53","Agile","Backend Development","Product Management","B.Tech","0","Onsite","Restricted","5","Node.js;Express;JavaScript","Backend Development","Backend Development","Internship","Remote","0","Open","0","0","3","1","0","1","0","1","0"
"53","Agile","Backend Development","Product Management","B.Tech","0","Onsite","Restricted","6","HTML;CSS;JavaScript;React;Node.js","Web Development","Web Development","Full-time","Remote","1","Open","0","0","5","0","0","1","0","0","0"
"53","Agile","Backend Development","Product Management","B.Tech","0","Onsite","Restricted","7","Java;Android;Git","Mobile Apps","Mobile Development","Internship","Remote","0","Open","0","0","3","0","0","1","0","1","0"
"53","Agile","Backend Development","Product Management","B.Tech","0","Onsite","Restricted","8","Figma;User Research","Design","Design","Full-time","Onsite","1","Open","0","0","2","0","0","1","1","0","0"
"53","Agile","Backend Development","Product Management","B.Tech","0","Onsite","Restricted","9","Docker;Kubernetes;CI/CD","Infrastructure","DevOps","Full-time","Remote","2","Open","0","0","3","0","0","1","0","0","0"
"53","Agile","Backend Development","Product Management","B.Tech","0","Onsite","Restricted","10","Communication;Agile","Product","Product Management","Internship","Onsite","0","Open","50","1","1","0","1","1","1","1","2"
"115","Figma;User Research;JavaScript;React;Kubernetes","Design","Design","M.Sc","0","Onsite","Restricted","1","HTML;CSS;JavaScript;React","Web Development","Web Development","Internship","Remote","0","Open","50","2","2","0","0","1","0","1","2"
"115","Figma;User Research;JavaScript;React;Kubernetes","Design","Design","M.Sc","0","Onsite","Restricted","2","HTML;CSS;JavaScript;Vue.js","Web Development","Web Development","Full-time","Onsite","1","Open","25","1","3","0","0","1","1","0","1"
"115","Figma;User Research;JavaScript;React;Kubernetes","Design","Design","M.Sc","0","Onsite","Restricted","3","SQL;Excel;Python","Data Analysis","Data Science","Internship","Remote","0","Open","0","0","3","0","0","1","0","1","0"
"115","Figma;User Research;JavaScript;React;Kubernetes","Design","Design","M.Sc","0","Onsite","Restricted","4","Python;TensorFlow;Data Science","Machine Learning","AI","Full-time","Onsite","2","Open","0","0","3","0","0","1","1","0","0"
"115","Figma;User Research;JavaScript;React;Kubernetes","Design","Design","M.Sc","0","Onsite","Restricted","5","Node.js;Express;JavaScript","Backend Development","Backend Development","Internship","Remote","0","Open","33","1","2","0","0","1","0","1","1"
"115","Figma;User Research;JavaScript;React;Kubernetes","Design","Design","M.Sc","0","Onsite","Restricted","6","HTML;CSS;JavaScript;React;Node.js","Web Development","Web Development","Full-time","Remote","1","Open","40","2","3","0","0","1","0","0","2"
"115","Figma;User Research;JavaScript;React;Kubernetes","Design","Design","M.Sc","0","Onsite","Restricted","7","Java;Android;Git","Mobile Apps","Mobile Development","Internship","Remote","0","Open","0","0","3","0","0","1","0","1","0"
"115","Figma;User Research;JavaScript;React;Kubernetes","Design","Design","M.Sc","0","Onsite","Restricted","8","Figma;User Research","Design","Design","Full-time","Onsite","1","Open","100","2","0","1","1","1","1","0","3"
"115","Figma;User Research;JavaScript;React;Kubernetes","Design","Design","M.Sc","0","Onsite","Restricted","9","Docker;Kubernetes;CI/CD","Infrastructure","DevOps","Full-time","Remote","2","Open","33","1","2","0","0","1","0","0","1"
"115","Figma;User Research;JavaScript;React;Kubernetes","Design","Design","M.Sc","0","Onsite","Restricted","10","Communication;Agile","Product","Product Management","Internship","Onsite","0","Open","0","0","2","0","0","1","1","1","0"
"137","Python;Data Science;Express","Data Analysis","AI","M.Tech","0","Onsite","Open","1","HTML;CSS;JavaScript;React","Web Development","Web Development","Internship","Remote","0","Open","0","0","4","0","0","1","0","1","0"
"137","Python;Data Science;Express","Data Analysis","AI","M.Tech","0","Onsite","Open","2","HTML;CSS;JavaScript;Vue.js","Web Development","Web Development","Full-time","Onsite","1","Open","0","0","4","0","0","1","1","0","0"
"137","Python;Data Science;Express","Data Analysis","AI","M.Tech","0","Onsite","Open","3","SQL;Excel;Python","Data Analysis","Data Science","Internship","Remote","0","Open","33","1","2","1","0","1","0","1","1"
"137","Python;Data Science;Express","Data Analysis","AI","M.Tech","0","Onsite","Open","4","Python;TensorFlow;Data Science","Machine Learning","AI","Full-time","Onsite","2","Open","67","2","1","0","1","1","1","0","2"
"137","Python;Data Science;Express","Data Analysis","AI","M.Tech","0","Onsite","Open","5","Node.js;Express;JavaScript","Backend Development","Backend Development","Internship","Remote","0","Open","33","1","2","0","0","1","0","1","1"
"137","Python;Data Science;Express","Data Analysis","AI","M.Tech","0","Onsite","Open","6","HTML;CSS;JavaScript;React;Node.js","Web Development","Web Development","Full-time","Remote","1","Open","0","0","5","0","0","1","0","0","0"
"137","Python;Data Science;Express","Data Analysis","AI","M.Tech","0","Onsite","Open","7","Java;Android;Git","Mobile Apps","Mobile Development","Internship","Remote","0","Open","0","0","3","0","0","1","0","1","0"
"137","Python;Data Science;Express","Data Analysis","AI","M.Tech","0","Onsite","Open","8","Figma;User Research","Design","Design","Full-time","Onsite","1","Open","0","0","2","0","0","1","1","0","0"
"137","Python;Data Science;Express","Data Analysis","AI","M.Tech","0","Onsite","Open","9","Docker;Kubernetes;CI/CD","Infrastructure","DevOps","Full-time","Remote","2","Open","0","0","3","0","0","1","0","0","0"
"137","Python;Data Science;Express","Data Analysis","AI","M.Tech","0","Onsite","Open","10","Communication;Agile","Product","Product Management","Internship","Onsite","0","Open","0","0","2","0","0","1","1","1","0"
"72","SQL;Python;Java","Data Analysis","Data Science","B.Sc","0","Remote","Open","1","HTML;CSS;JavaScript;React","Web Development","Web Development","Internship","Remote","0","Open","0","0","4","0","0","1","1","1","0"
"72","SQL;Python;Java","Data Analysis","Data Science","B.Sc","0","Remote","Open","2","HTML;CSS;JavaScript;Vue.js","Web Development","Web Development","Full-time","Onsite","1","Open","0","0","4","0","0","1","0","0","0"
"72","SQL;Python;Java","Data Analysis","Data Science","B.Sc","0","Remote","Open","3","SQL;Excel;Python","Data Analysis","Data Science","Internship","Remote","0","Open","67","2","1","1","1","1","1","1","3"
"72","SQL;Python;Java","Data Analysis","Data Science","B.Sc","0","Remote","Open","4","Python;TensorFlow;Data Science","Machine Learning","AI","Full-time","Onsite","2","Open","33","1","2","0","0","1","0","0","1"
"72","SQL;Python;Java","Data Analysis","Data Science","B.Sc","0","Remote","Open","5","Node.js;Express;JavaScript","Backend Development","Backend Development","Internship","Remote","0","Open","0","0","3","0","0","1","1","1","0"
"72","SQL;Python;Java","Data Analysis","Data Science","B.Sc","0","Remote","Open","6","HTML;CSS;JavaScript;React;Node.js","Web Development","Web Development","Full-time","Remote","1","Open","0","0","5","0","0","1","1","0","0"
"72","SQL;Python;Java","Data Analysis","Data Science","B.Sc","0","Remote","Open","7","Java;Android;Git","Mobile Apps","Mobile Development","Internship","Remote","0","Open","33","1","2","0","0","1","1","1","1"
"72","SQL;Python;Java","Data Analysis","Data Science","B.Sc","0","Remote","Open","8","Figma;User Research","Design","Design","Full-time","Onsite","1","Open","0","0","2","0","0","1","0","0","0"
"72","SQL;Python;Java","Data Analysis","Data Science","B.Sc","0","Remote","Open","9","Docker;Kubernetes;CI/CD","Infrastructure","DevOps","Full-time","Remote","2","Open","0","0","3","0","0","1","1","0","0"
"72","SQL;Python;Java","Data Analysis","Data Science","B.Sc","0","Remote","Open","10","Communication;Agile","Product","Product Management","Internship","Onsite","0","Open","0","0","2","0","0","1","0","1","0"
"6","Node.js;Express;JavaScript;Vue.js","Backend Development","Backend Development","BS Computer Science","3","Remote","Restricted","1","HTML;CSS;JavaScript;React","Web Development","Web Development","Internship","Remote","0","Open","25","1","3","0","0","1","1","1","1"
"6","Node.js;Express;JavaScript;Vue.js","Backend Development","Backend Development","BS Computer Science","3","Remote","Restricted","2","HTML;CSS;JavaScript;Vue.js","Web Development","Web Development","Full-time","Onsite","1","Open","50","2","2","0","0","1","0","1","2"
"6","Node.js;Express;JavaScript;Vue.js","Backend Development","Backend Development","BS Computer Science","3","Remote","Restricted","3","SQL;Excel;Python","Data Analysis","Data Science","Internship","Remote","0","Open","0","0","3","0","0","1","1","1","0"
"6","Node.js;Express;JavaScript;Vue.js","Backend Development","Backend Development","BS Computer Science","3","Remote","Restricted","4","Python;TensorFlow;Data Science","Machine Learning","AI","Full-time","Onsite","2","Open","0","0","3","0","0","1","0","1","0"
"6","Node.js;Express;JavaScript;Vue.js","Backend Development","Backend Development","BS Computer Science","3","Remote","Restricted","5","Node.js;Express;JavaScript","Backend Development","Backend Development","Internship","Remote","0","Open","100","3","0","1","1","1","1","1","4"
"6","Node.js;Express;JavaScript;Vue.js","Backend Development","Backend Development","BS Computer Science","3","Remote","Restricted","6","HTML;CSS;JavaScript;React;Node.js","Web Development","Web Development","Full-time","Remote","1","Open","40","2","3","0","0","1","1","1","2"
"6","Node.js;Express;JavaScript;Vue.js","Backend Development","Backend Development","BS Computer Science","3","Remote","Restricted","7","Java;Android;Git","Mobile Apps","Mobile Development","Internship","Remote","0","Open","0","0","3","0","0","1","1","1","0"
"6","Node.js;Express;JavaScript;Vue.js","Backend Development","Backend Development","BS Computer Science","3","Remote","Restricted","8","Figma;User Research","Design","Design","Full-time","Onsite","1","Open","0","0","2","0","0","1","0","1","0"
"6","Node.js;Express;JavaScript;Vue.js","Backend Development","Backend Development","BS Computer Science","3","Remote","Restricted","9","Docker;Kubernetes;CI/CD","Infrastructure","DevOps","Full-time","Remote","2","Open","0","0","3","0","0","1","1","1","0"
"6","Node.js;Express;JavaScript;Vue.js","Backend Development","Backend Development","BS Computer Science","3","Remote","Restricted","10","Communication;Agile","Product","Product Management","Internship","Onsite","0","Open","0","0","2","0","0","1","0","1","0"
"67","Kubernetes;CI/CD;Java","Infrastructure","DevOps","M.Sc","3","Onsite","Open","1","HTML;CSS;JavaScript;React","Web Development","Web Development","Internship","Remote","0","Open","0","0","4","0","0","1","0","1","0"
"67","Kubernetes;CI/CD;Java","Infrastructure","DevOps","M.Sc","3","Onsite","Open","2","HTML;CSS;JavaScript;Vue.js","Web Development","Web Development","Full-time","Onsite","1","Open","0","0","4","0","0","1","1","1","0"
"67","Kubernetes;CI/CD;Java","Infrastructure","DevOps","M.Sc","3","Onsite","Open","3","SQL;Excel;Python","Data Analysis","Data Science","Internship","Remote","0","Open","0","0","3","0","0","1","0","1","0"
"67","Kubernetes;CI/CD;Java","Infrastructure","DevOps","M.Sc","3","Onsite","Open","4","Python;TensorFlow;Data Science","Machine Learning","AI","Full-time","Onsite","2","Open","0","0","3","0","0","1","1","1","0"
"67","Kubernetes;CI/CD;Java","Infrastructure","DevOps","M.Sc","3","Onsite","Open","5","Node.js;Express;JavaScript","Backend Development","Backend Development","Internship","Remote","0","Open","0","0","3","0","0","1","0","1","0"
"67","Kubernetes;CI/CD;Java","Infrastructure","DevOps","M.Sc","3","Onsite","Open","6","HTML;CSS;JavaScript;React;Node.js","Web Development","Web Development","Full-time","Remote","1","Open","0","0","5","0","0","1","0","1","0"
"67","Kubernetes;CI/CD;Java","Infrastructure","DevOps","M.Sc","3","Onsite","Open","7","Java;Android;Git","Mobile Apps","Mobile Development","Internship","Remote","0","Open","33","1","2","0","0","1","0","1","1"
"67","Kubernetes;CI/CD;Java","Infrastructure","DevOps","M.Sc","3","Onsite","Open","8","Figma;User Research","Design","Design","Full-time","Onsite","1","Open","0","0","2","0","0","1","1","1","0"
"67","Kubernetes;CI/CD;Java","Infrastructure","DevOps","M.Sc","3","Onsite","Open","9","Docker;Kubernetes;CI/CD","Infrastructure","DevOps","Full-time","Remote","2","Open","67","2","1","1","1","1","0","1","3"
"67","Kubernetes;CI/CD;Java","Infrastructure","DevOps","M.Sc","3","Onsite","Open","10","Communication;Agile","Product","Product Management","Internship","Onsite","0","Open","0","0","2","0","0","1","1","1","0"
"8","Excel","Data Analysis","Data Science","M.Sc","4","Onsite","Open","1","HTML;CSS;JavaScript;React","Web Development","Web Development","Internship","Remote","0","Open","0","0","4","0","0","1","0","1","0"
"8","Excel","Data Analysis","Data Science","M.Sc","4","Onsite","Open","2","HTML;CSS;JavaScript;Vue.js","Web Development","Web Development","Full-time","Onsite","1","Open","0","0","4","0","0","1","1","1","0"
"8","Excel","Data Analysis","Data Science","M.Sc","4","Onsite","Open","3","SQL;Excel;Python","Data Analysis","Data Science","Internship","Remote","0","Open","33","1","2","1","1","1","0","1","1"
"8","Excel","Data Analysis","Data Science","M.Sc","4","Onsite","Open","4","Python;TensorFlow;Data Science","Machine Learning","AI","Full-time","Onsite","2","Open","0","0","3","0","0","1","1","1","0"
"8","Excel","Data Analysis","Data Science","M.Sc","4","Onsite","Open","5","Node.js;Express;JavaScript","Backend Development","Backend Development","Internship","Remote","0","Open","0","0","3","0","0","1","0","1","0"
"8","Excel","Data Analysis","Data Science","M.Sc","4","Onsite","Open","6","HTML;CSS;JavaScript;React;Node.js","Web Development","Web Development","Full-time","Remote","1","Open","0","0","5","0","0","1","0","1","0"
"8","Excel","Data Analysis","Data Science","M.Sc","4","Onsite","Open","7","Java;Android;Git","Mobile Apps","Mobile Development","Internship","Remote","0","Open","0","0","3","0","0","1","0","1","0"
"8","Excel","Data Analysis","Data Science","M.Sc","4","Onsite","Open","8","Figma;User Research","Design","Design","Full-time","Onsite","1","Open","0","0","2","0","0","1","1","1","0"
"8","Excel","Data Analysis","Data Science","M.Sc","4","Onsite","Open","9","Docker;Kubernetes;CI/CD","Infrastructure","DevOps","Full-time","Remote","2","Open","0","0","3","0","0","1","0","1","0"
"8","Excel","Data Analysis","Data Science","M.Sc","4","Onsite","Open","10","Communication;Agile","Product","Product Management","Internship","Onsite","0","Open","0","0","2","0","0","1","1","1","0"
"11","Android;Git;Figma;HTML;Agile","Mobile Apps","Mobile Development","B.Sc","1","Onsite","Open","1","HTML;CSS;JavaScript;React","Web Development","Web Development","Internship","Remote","0","Open","25","1","3","0","0","1","0","1","1"
"11","Android;Git;Figma;HTML;Agile","Mobile Apps","Mobile Development","B.Sc","1","Onsite","Open","2","HTML;CSS;JavaScript;Vue.js","Web Development","Web Development","Full-time","Onsite","1","Open","25","1","3","0","0","1","1","1","1"
"11","Android;Git;Figma;HTML;Agile","Mobile Apps","Mobile Development","B.Sc","1","Onsite","Open","3","SQL;Excel;Python","Data Analysis","Data Science","Internship","Remote","0","Open","0","0","3","0","0","1","0","1","0"
"11","Android;Git;Figma;HTML;Agile","Mobile Apps","Mobile Development","B.Sc","1","Onsite","Open","4","Python;TensorFlow;Data Science","Machine Learning","AI","Full-time","Onsite","2","Open","0","0","3","0","0","1","1","0","0"
"11","Android;Git;Figma;HTML;Agile","Mobile Apps","Mobile Development","B.Sc","1","Onsite","Open","5","Node.js;Express;JavaScript","Backend Development","Backend Development","Internship","Remote","0","Open","0","0","3","0","0","1","0","1","0"
"11","Android;Git;Figma;HTML;Agile","Mobile Apps","Mobile Development","B.Sc","1","Onsite","Open","6","HTML;CSS;JavaScript;React;Node.js","Web Development","Web Development","Full-time","Remote","1","Open","20","1","4","0","0","1","0","1","1"
"11","Android;Git;Figma;HTML;Agile","Mobile Apps","Mobile Development","B.Sc","1","Onsite","Open","7","Java;Android;Git","Mobile Apps","Mobile Development","Internship","Remote","0","Open","67","2","1","1","1","1","0","1","3"
"11","Android;Git;Figma;HTML;Agile","Mobile Apps","Mobile Development","B.Sc","1","Onsite","Open","8","Figma;User Research","Design","Design","Full-time","Onsite","1","Open","50","1","1","0","0","1","1","1","2"
"11","Android;Git;Figma;HTML;Agile","Mobile Apps","Mobile Development","B.Sc","1","Onsite","Open","9","Docker;Kubernetes;CI/CD","Infrastructure","DevOps","Full-time","Remote","2","Open","0","0","3","0","0","1","0","0","0"
"11","Android;Git;Figma;HTML;Agile","Mobile Apps","Mobile Development","B.Sc","1","Onsite","Open","10","Communication;Agile","Product","Product Management","Internship","Onsite","0","Open","50","1","1","0","0","1","1","1","2"
"27","CSS;JavaScript;React;Communication;Git;Express","Web Development","Web Development","B.Sc","2","Onsite","Open","1","HTML;CSS;JavaScript;React","Web Development","Web Development","Internship","Remote","0","Open","75","3","1","1","1","1","0","1","4"
"27","CSS;JavaScript;React;Communication;Git;Express","Web Development","Web Development","B.Sc","2","Onsite","Open","2","HTML;CSS;JavaScript;Vue.js","Web Development","Web Development","Full-time","Onsite","1","Open","50","2","2","1","1","1","1","1","2"
"27","CSS;JavaScript;React;Communication;Git;Express","Web Development","Web Development","B.Sc","2","Onsite","Open","3","SQL;Excel;Python","Data Analysis","Data Science","Internship","Remote","0","Open","0","0","3","0","0","1","0","1","0"
"27","CSS;JavaScript;React;Communication;Git;Express","Web Development","Web Development","B.Sc","2","Onsite","Open","4","Python;TensorFlow;Data Science","Machine Learning","AI","Full-time","Onsite","2","Open","0","0","3","0","0","1","1","1","0"
"27","CSS;JavaScript;React;Communication;Git;Express","Web Development","Web Development","B.Sc","2","Onsite","Open","5","Node.js;Express;JavaScript","Backend Development","Backend Development","Internship","Remote","0","Open","67","2","1","0","0","1","0","1","2"
"27","CSS;JavaScript;React;Communication;Git;Express","Web Development","Web Development","B.Sc","2","Onsite","Open","6","HTML;CSS;JavaScript;React;Node.js","Web Development","Web Development","Full-time","Remote","1","Open","60","3","2","1","1","1","0","1","3"
"27","CSS;JavaScript;React;Communication;Git;Express","Web Development","Web Development","B.Sc","2","Onsite","Open","7","Java;Android;Git","Mobile Apps","Mobile Development","Internship","Remote","0","Open","33","1","2","0","0","1","0","1","1"
"27","CSS;JavaScript;React;Communication;Git;Express","Web Development","Web Development","B.Sc","2","Onsite","Open","8","Figma;User Research","Design","Design","Full-time","Onsite","1","Open","0","0","2","0","0","1","1","1","0"
"27","CSS;JavaScript;React;Communication;Git;Express","Web Development","Web Development","B.Sc","2","Onsite","Open","9","Docker;Kubernetes;CI/CD","Infrastructure","DevOps","Full-time","Remote","2","Open","0","0","3","0","0","1","0","1","0"
"27","CSS;JavaScript;React;Communication;Git;Express","Web Development","Web Development","B.Sc","2","Onsite","Open","10","Communication;Agile","Product","Product Management","Internship","Onsite","0","Open","50","1","1","0","0","1","1","1","2"
"88","HTML;JavaScript;React;CSS;Git;Node.js","Mobile Apps","Web Development","B.Tech","4","Onsite","Open","1","HTML;CSS;JavaScript;React","Web Development","Web Development","Internship","Remote","0","Open","100","4","0","0","1","1","0","1","3"
"88","HTML;JavaScript;React;CSS;Git;Node.js","Mobile Apps","Web Development","B.Tech","4","Onsite","Open","2","HTML;CSS;JavaScript;Vue.js","Web Development","Web Development","Full-time","Onsite","1","Open","75","3","1","0","1","1","1","1","3"
"88","HTML;JavaScript;React;CSS;Git;Node.js","Mobile Apps","Web Development","B.Tech","4","Onsite","Open","3","SQL;Excel;Python","Data Analysis","Data Science","Internship","Remote","0","Open","0","0","3","0","0","1","0","1","0"
"88","HTML;JavaScript;React;CSS;Git;Node.js","Mobile Apps","Web Development","B.Tech","4","Onsite","Open","4","Python;TensorFlow;Data Science","Machine Learning","AI","Full-time","Onsite","2","Open","0","0","3","0","0","1","1","1","0"
"88","HTML;JavaScript;React;CSS;Git;Node.js","Mobile Apps","Web Development","B.Tech","4","Onsite","Open","5","Node.js;Express;JavaScript","Backend Development","Backend Development","Internship","Remote","0","Open","67","2","1","0","0","1","0","1","2"
"88","HTML;JavaScript;React;CSS;Git;Node.js","Mobile Apps","Web Development","B.Tech","4","Onsite","Open","6","HTML;CSS;JavaScript;React;Node.js","Web Development","Web Development","Full-time","Remote","1","Open","100","5","0","0","1","1","0","1","3"
"88","HTML;JavaScript;React;CSS;Git;Node.js","Mobile Apps","Web Development","B.Tech","4","Onsite","Open","7","Java;Android;Git","Mobile Apps","Mobile Development","Internship","Remote","0","Open","33","1","2","1","0","1","0","1","1"
"88","HTML;JavaScript;React;CSS;Git;Node.js","Mobile Apps","Web Development","B.Tech","4","Onsite","Open","8","Figma;User Research","Design","Design","Full-time","Onsite","1","Open","0","0","2","0","0","1","1","1","0"
"88","HTML;JavaScript;React;CSS;Git;Node.js","Mobile Apps","Web Development","B.Tech","4","Onsite","Open","9","Docker;Kubernetes;CI/CD","Infrastructure","DevOps","Full-time","Remote","2","Open","0","0","3","0","0","1","0","1","0"
"88","HTML;JavaScript;React;CSS;Git;Node.js","Mobile Apps","Web Development","B.Tech","4","Onsite","Open","10","Communication;Agile","Product","Product Management","Internship","Onsite","0","Open","0","0","2","0","0","1","1","1","0"
"139","Java;Android","Mobile Apps","Mobile Development","M.Tech","0","Remote","Open","1","HTML;CSS;JavaScript;React","Web Development","Web Development","Internship","Remote","0","Open","0","0","4","0","0","1","1","1","0"
"139","Java;Android","Mobile Apps","Mobile Development","M.Tech","0","Remote","Open","2","HTML;CSS;JavaScript;Vue.js","Web Development","Web Development","Full-time","Onsite","1","Open","0","0","4","0","0","1","0","0","0"
"139","Java;Android","Mobile Apps","Mobile Development","M.Tech","0","Remote","Open","3","SQL;Excel;Python","Data Analysis","Data Science","Internship","Remote","0","Open","0","0","3","0","0","1","1","1","0"
"139","Java;Android","Mobile Apps","Mobile Development","M.Tech","0","Remote","Open","4","Python;TensorFlow;Data Science","Machine Learning","AI","Full-time","Onsite","2","Open","0","0","3","0","0","1","0","0","0"
"139","Java;Android","Mobile Apps","Mobile Development","M.Tech","0","Remote","Open","5","Node.js;Express;JavaScript","Backend Development","Backend Development","Internship","Remote","0","Open","0","0","3","0","0","1","1","1","0"
"139","Java;Android","Mobile Apps","Mobile Development","M.Tech","0","Remote","Open","6","HTML;CSS;JavaScript;React;Node.js","Web Development","Web Development","Full-time","Remote","1","Open","0","0","5","0","0","1","1","0","0"
"139","Java;Android","Mobile Apps","Mobile Development","M.Tech","0","Remote","Open","7","Java;Android;Git","Mobile Apps","Mobile Development","Internship","Remote","0","Open","67","2","1","1","1","1","1","1","3"
"139","Java;Android","Mobile Apps","Mobile Development","M.Tech","0","Remote","Open","8","Figma;User Research","Design","Design","Full-time","Onsite","1","Open","0","0","2","0","0","1","0","0","0"
"139","Java;Android","Mobile Apps","Mobile Development","M.Tech","0","Remote","Open","9","Docker;Kubernetes;CI/CD","Infrastructure","DevOps","Full-time","Remote","2","Open","0","0","3","0","0","1","1","0","0"
"139","Java;Android","Mobile Apps","Mobile Development","M.Tech","0","Remote","Open","10","Communication;Agile","Product","Product Management","Internship","Onsite","0","Open","0","0","2","0","0","1","0","1","0"
